crew_id,rank,credit_period,credit_timezone,pairing_credit_hours,ground_credit_hours,credited_hours,ground_direct_count,ground_csv_fallback_count,ground_unmatched_count,target_min,target_prefer,target_max,credit_window,gdo_days,leave_days
1204,FA,2026-07,America/Vancouver,82.5,0.0,82.5,2,0,0,80.0,85.0,85.0,min_to_prefer,0,0
1208,FA,2026-07,America/Vancouver,59.83,24.0,83.83,7,6,0,80.0,85.0,85.0,min_to_prefer,6,0
1224,FA,2026-07,America/Vancouver,63.83,20.0,83.83,5,3,0,80.0,85.0,85.0,min_to_prefer,3,0
1226,FA,2026-07,America/Vancouver,63.0,20.0,83.0,8,4,0,80.0,85.0,85.0,min_to_prefer,4,0
1227,FA,2026-07,America/Vancouver,9.17,16.0,25.17,12,26,0,80.0,85.0,85.0,below_min,2,24
1231,FA,2026-07,America/Vancouver,84.0,0.0,84.0,1,0,0,80.0,85.0,85.0,min_to_prefer,0,0
1254,FA,2026-07,America/Vancouver,84.0,0.0,84.0,5,0,0,80.0,85.0,85.0,min_to_prefer,0,0
13085,FA,2026-07,America/Vancouver,83.92,0.0,83.92,1,0,0,80.0,85.0,85.0,min_to_prefer,0,0
13086,FA,2026-07,America/Vancouver,82.58,0.0,82.58,6,0,0,80.0,85.0,85.0,min_to_prefer,0,0
13089,FA,2026-07,America/Vancouver,64.25,20.0,84.25,11,4,0,80.0,85.0,85.0,min_to_prefer,4,0
13090,FA,2026-07,America/Vancouver,44.33,40.0,84.33,11,6,0,80.0,85.0,85.0,min_to_prefer,6,0
13091,FA,2026-07,America/Vancouver,82.58,0.0,82.58,0,0,0,80.0,85.0,85.0,min_to_prefer,0,0
13097,FA,2026-07,America/Vancouver,82.5,0.0,82.5,1,0,0,80.0,85.0,85.0,min_to_prefer,0,0
13100,FA,2026-07,America/Vancouver,79.83,0.0,79.83,0,0,0,80.0,85.0,85.0,below_min,0,0
13401,FA,2026-07,America/Vancouver,83.67,0.0,83.67,1,0,0,80.0,85.0,85.0,min_to_prefer,0,0
13403,FA,2026-07,America/Vancouver,79.5,0.0,79.5,2,0,0,80.0,85.0,85.0,below_min,0,0
13404,FA,2026-07,America/Vancouver,79.5,0.0,79.5,2,0,0,80.0,85.0,85.0,below_min,0,0
13407,FA,2026-07,America/Vancouver,6.33,0.0,6.33,8,30,0,80.0,85.0,85.0,below_min,0,30
13411,FA,2026-07,America/Vancouver,5.92,0.0,5.92,8,30,0,80.0,85.0,85.0,below_min,0,30
13414,FA,2026-07,America/Vancouver,80.67,0.0,80.67,0,0,0,80.0,85.0,85.0,min_to_prefer,0,0
13415,FA,2026-07,America/Vancouver,84.5,0.0,84.5,1,0,0,80.0,85.0,85.0,min_to_prefer,0,0
13418,FA,2026-07,America/Vancouver,5.92,0.0,5.92,8,30,0,80.0,85.0,85.0,below_min,30,0
13420,FA,2026-07,America/Vancouver,84.5,0.0,84.5,0,0,0,80.0,85.0,85.0,min_to_prefer,0,0
13422,FA,2026-07,America/Vancouver,84.5,0.0,84.5,8,0,0,80.0,85.0,85.0,min_to_prefer,0,0
13423,FA,2026-07,America/Vancouver,84.5,0.0,84.5,3,0,0,80.0,85.0,85.0,min_to_prefer,0,0
13424,FA,2026-07,America/Vancouver,84.5,0.0,84.5,1,0,0,80.0,85.0,85.0,min_to_prefer,0,0
13425,FA,2026-07,America/Vancouver,84.5,0.0,84.5,1,0,0,80.0,85.0,85.0,min_to_prefer,0,0
13656,FA,2026-07,America/Vancouver,84.5,0.0,84.5,0,0,0,80.0,85.0,85.0,min_to_prefer,0,0
13657,FA,2026-07,America/Vancouver,84.3,0.0,84.3,0,0,0,80.0,85.0,85.0,min_to_prefer,0,0
13658,FA,2026-07,America/Vancouver,83.8,0.0,83.8,4,0,0,80.0,85.0,85.0,min_to_prefer,0,0
13659,FA,2026-07,America/Vancouver,83.47,0.0,83.47,0,0,0,80.0,85.0,85.0,min_to_prefer,0,0
13660,FA,2026-07,America/Vancouver,83.05,0.0,83.05,0,0,0,80.0,85.0,85.0,min_to_prefer,0,0
13662,FA,2026-07,America/Vancouver,82.22,0.0,82.22,0,0,0,80.0,85.0,85.0,min_to_prefer,0,0
13664,FA,2026-07,America/Vancouver,80.97,0.0,80.97,1,0,0,80.0,85.0,85.0,min_to_prefer,0,0
13665,FA,2026-07,America/Vancouver,79.92,0.0,79.92,3,0,0,80.0,85.0,85.0,below_min,0,0
13666,FA,2026-07,America/Vancouver,83.42,0.0,83.42,1,0,0,80.0,85.0,85.0,min_to_prefer,0,0
13667,FA,2026-07,America/Vancouver,79.47,0.0,79.47,1,0,0,80.0,85.0,85.0,below_min,0,0
13670,FA,2026-07,America/Vancouver,80.22,0.0,80.22,2,0,0,80.0,85.0,85.0,min_to_prefer,0,0
13673,FA,2026-07,America/Vancouver,82.38,0.0,82.38,3,0,0,80.0,85.0,85.0,min_to_prefer,0,0
13674,FA,2026-07,America/Vancouver,79.75,0.0,79.75,0,0,0,80.0,85.0,85.0,below_min,0,0
1369,FA,2026-07,America/Vancouver,84.0,0.0,84.0,6,0,0,80.0,85.0,85.0,min_to_prefer,0,0
1372,FA,2026-07,America/Vancouver,9.17,0.0,9.17,8,30,0,80.0,85.0,85.0,below_min,30,0
13748,FA,2026-07,America/Vancouver,82.75,0.0,82.75,2,0,0,80.0,85.0,85.0,min_to_prefer,0,0
13752,FA,2026-07,America/Vancouver,80.83,0.0,80.83,0,0,0,80.0,85.0,85.0,min_to_prefer,0,0
13754,FA,2026-07,America/Vancouver,82.22,0.0,82.22,4,0,0,80.0,85.0,85.0,min_to_prefer,0,0
13755,FA,2026-07,America/Vancouver,79.38,0.0,79.38,3,0,0,80.0,85.0,85.0,below_min,0,0
13760,FA,2026-07,America/Vancouver,79.38,0.0,79.38,1,0,0,80.0,85.0,85.0,below_min,0,0
13763,FA,2026-07,America/Vancouver,74.83,0.0,74.83,8,0,0,80.0,85.0,85.0,below_min,0,0
13766,FA,2026-07,America/Vancouver,61.92,0.0,61.92,5,0,0,80.0,85.0,85.0,below_min,0,0
13768,FA,2026-07,America/Vancouver,53.92,0.0,53.92,4,0,0,80.0,85.0,85.0,below_min,0,0
13769,FA,2026-07,America/Vancouver,32.0,0.0,32.0,8,0,0,80.0,85.0,85.0,below_min,0,0
13770,FA,2026-07,America/Vancouver,20.0,0.0,20.0,2,0,0,80.0,85.0,85.0,below_min,0,0
1610,FA,2026-07,America/Vancouver,63.0,20.0,83.0,10,4,0,80.0,85.0,85.0,min_to_prefer,4,0
1648,FA,2026-07,America/Vancouver,84.0,0.0,84.0,1,0,0,80.0,85.0,85.0,min_to_prefer,0,0
1653,FA,2026-07,America/Vancouver,72.83,12.0,84.83,5,2,0,80.0,85.0,85.0,min_to_prefer,2,0
1672,FA,2026-07,America/Vancouver,68.92,16.0,84.92,4,2,0,80.0,85.0,85.0,min_to_prefer,2,0
1674,FA,2026-07,America/Vancouver,9.17,0.0,9.17,8,30,0,80.0,85.0,85.0,below_min,30,0
1844,FA,2026-07,America/Vancouver,84.0,0.0,84.0,0,0,0,80.0,85.0,85.0,min_to_prefer,0,0
1848,FA,2026-07,America/Vancouver,84.0,0.0,84.0,1,0,0,80.0,85.0,85.0,min_to_prefer,0,0
1852,FA,2026-07,America/Vancouver,48.83,36.0,84.83,9,4,0,80.0,85.0,85.0,min_to_prefer,4,0
1856,FA,2026-07,America/Vancouver,52.5,32.0,84.5,10,4,0,80.0,85.0,85.0,min_to_prefer,4,0
1861,FA,2026-07,America/Vancouver,83.0,0.0,83.0,0,0,0,80.0,85.0,85.0,min_to_prefer,0,0
1868,FA,2026-07,America/Vancouver,67.83,16.0,83.83,5,2,0,80.0,85.0,85.0,min_to_prefer,2,0
1931,FA,2026-07,America/Vancouver,82.67,0.0,82.67,0,0,0,80.0,85.0,85.0,min_to_prefer,0,0
1933,FA,2026-07,America/Vancouver,82.67,0.0,82.67,0,0,0,80.0,85.0,85.0,min_to_prefer,0,0
1942,FA,2026-07,America/Vancouver,81.33,0.0,81.33,2,0,0,80.0,85.0,85.0,min_to_prefer,0,0
1943,FA,2026-07,America/Vancouver,80.67,0.0,80.67,5,0,0,80.0,85.0,85.0,min_to_prefer,0,0
1945,FA,2026-07,America/Vancouver,6.5,0.0,6.5,8,30,0,80.0,85.0,85.0,below_min,0,30
1983,FA,2026-07,America/Vancouver,6.5,0.0,6.5,7,30,0,80.0,85.0,85.0,below_min,0,30
1988,FA,2026-07,America/Vancouver,80.0,0.0,80.0,7,0,0,80.0,85.0,85.0,min_to_prefer,0,0
1995,FA,2026-07,America/Vancouver,80.0,0.0,80.0,1,0,0,80.0,85.0,85.0,min_to_prefer,0,0
1996,FA,2026-07,America/Vancouver,6.5,0.0,6.5,8,30,0,80.0,85.0,85.0,below_min,0,30
2005,FA,2026-07,America/Vancouver,83.33,0.0,83.33,1,0,0,80.0,85.0,85.0,min_to_prefer,0,0
2006,FA,2026-07,America/Vancouver,6.33,0.0,6.33,8,30,0,80.0,85.0,85.0,below_min,0,30
2048,FA,2026-07,America/Vancouver,6.33,0.0,6.33,8,30,0,80.0,85.0,85.0,below_min,30,0
2052,FA,2026-07,America/Vancouver,75.33,8.0,83.33,3,2,0,80.0,85.0,85.0,min_to_prefer,2,0
2055,FA,2026-07,America/Vancouver,85.0,0.0,85.0,6,0,0,80.0,85.0,85.0,min_to_prefer,0,0
2057,FA,2026-07,America/Vancouver,85.0,0.0,85.0,6,0,0,80.0,85.0,85.0,min_to_prefer,0,0
2062,FA,2026-07,America/Vancouver,85.0,0.0,85.0,6,0,0,80.0,85.0,85.0,min_to_prefer,0,0
2064,FA,2026-07,America/Vancouver,85.0,0.0,85.0,6,0,0,80.0,85.0,85.0,min_to_prefer,0,0
2259,FA,2026-07,America/Vancouver,85.0,0.0,85.0,2,0,0,80.0,85.0,85.0,min_to_prefer,0,0
2269,FA,2026-07,America/Vancouver,85.0,0.0,85.0,1,0,0,80.0,85.0,85.0,min_to_prefer,0,0
2272,FA,2026-07,America/Vancouver,85.0,0.0,85.0,1,0,0,80.0,85.0,85.0,min_to_prefer,0,0
2284,FA,2026-07,America/Vancouver,64.92,20.0,84.92,5,4,0,80.0,85.0,85.0,min_to_prefer,4,0
2285,FA,2026-07,America/Vancouver,83.17,0.0,83.17,5,0,0,80.0,85.0,85.0,min_to_prefer,0,0
2286,FA,2026-07,America/Vancouver,44.5,40.0,84.5,13,6,0,80.0,85.0,85.0,min_to_prefer,6,0
2292,FA,2026-07,America/Vancouver,82.58,0.0,82.58,0,0,0,80.0,85.0,85.0,min_to_prefer,0,0
2605,FA,2026-07,America/Vancouver,82.58,0.0,82.58,2,0,0,80.0,85.0,85.0,min_to_prefer,0,0
2610,FA,2026-07,America/Vancouver,84.58,0.0,84.58,1,0,0,80.0,85.0,85.0,min_to_prefer,0,0
2661,FA,2026-07,America/Vancouver,83.92,0.0,83.92,1,0,0,80.0,85.0,85.0,min_to_prefer,0,0
2671,FA,2026-07,America/Vancouver,83.92,0.0,83.92,0,0,0,80.0,85.0,85.0,min_to_prefer,0,0
395,FA,2026-07,America/Vancouver,83.33,0.0,83.33,0,0,0,80.0,85.0,85.0,min_to_prefer,0,0
398,FA,2026-07,America/Vancouver,79.33,0.0,79.33,0,0,0,80.0,85.0,85.0,below_min,0,0
796,FA,2026-07,America/Vancouver,63.33,20.0,83.33,11,4,0,80.0,85.0,85.0,min_to_prefer,4,0
801,FA,2026-07,America/Vancouver,72.92,12.0,84.92,9,2,0,80.0,85.0,85.0,min_to_prefer,2,0
804,FA,2026-07,America/Vancouver,79.33,0.0,79.33,6,0,0,80.0,85.0,85.0,below_min,0,0
905,FA,2026-07,America/Vancouver,84.33,0.0,84.33,2,0,0,80.0,85.0,85.0,min_to_prefer,0,0
906,FA,2026-07,America/Vancouver,63.33,20.0,83.33,5,4,0,80.0,85.0,85.0,min_to_prefer,4,0
907,FA,2026-07,America/Vancouver,83.33,0.0,83.33,0,0,0,80.0,85.0,85.0,min_to_prefer,0,0
911,FA,2026-07,America/Vancouver,48.5,36.0,84.5,9,0,0,80.0,85.0,85.0,min_to_prefer,0,0
1032,IFD,2026-07,America/Vancouver,76.08,0.0,76.08,0,0,0,80.0,85.0,85.0,below_min,0,0
1108,IFD,2026-07,America/Vancouver,75.42,0.0,75.42,1,0,0,80.0,85.0,85.0,below_min,0,0
1194,IFD,2026-07,America/Vancouver,77.42,0.0,77.42,3,0,0,80.0,85.0,85.0,below_min,0,0
1205,IFD,2026-07,America/Vancouver,61.5,20.0,81.5,5,4,0,80.0,85.0,85.0,min_to_prefer,4,0
1207,IFD,2026-07,America/Vancouver,74.5,0.0,74.5,2,0,0,80.0,85.0,85.0,below_min,0,0
1215,IFD,2026-07,America/Vancouver,77.0,0.0,77.0,6,0,0,80.0,85.0,85.0,below_min,0,0
1220,IFD,2026-07,America/Vancouver,65.0,20.0,85.0,5,4,0,80.0,85.0,85.0,min_to_prefer,4,0
1256,IFD,2026-07,America/Vancouver,65.0,20.0,85.0,5,4,0,80.0,85.0,85.0,min_to_prefer,4,0
1258,IFD,2026-07,America/Vancouver,65.0,20.0,85.0,13,4,0,80.0,85.0,85.0,min_to_prefer,4,0
1261,IFD,2026-07,America/Vancouver,82.0,0.0,82.0,0,0,0,80.0,85.0,85.0,min_to_prefer,0,0
13408,IFD,2026-07,America/Vancouver,4.0,56.0,60.0,15,6,0,80.0,85.0,85.0,below_min,6,0
13410,IFD,2026-07,America/Vancouver,57.83,12.0,69.83,4,2,0,80.0,85.0,85.0,below_min,2,0
1354,IFD,2026-07,America/Vancouver,76.63,0.0,76.63,1,0,0,80.0,85.0,85.0,below_min,0,0
1854,IFD,2026-07,America/Vancouver,75.6,0.0,75.6,1,0,0,80.0,85.0,85.0,below_min,0,0
1873,IFD,2026-07,America/Vancouver,73.0,0.0,73.0,0,0,0,80.0,85.0,85.0,below_min,0,0
1937,IFD,2026-07,America/Vancouver,77.67,0.0,77.67,0,0,0,80.0,85.0,85.0,below_min,0,0
2065,IFD,2026-07,America/Vancouver,4.92,0.0,4.92,8,30,0,80.0,85.0,85.0,below_min,30,0
2655,IFD,2026-07,America/Vancouver,75.88,0.0,75.88,3,0,0,80.0,85.0,85.0,below_min,0,0
2674,IFD,2026-07,America/Vancouver,57.92,20.0,77.92,5,4,0,80.0,85.0,85.0,below_min,4,0
400,IFD,2026-07,America/Vancouver,68.0,16.0,84.0,4,1,0,80.0,85.0,85.0,min_to_prefer,1,0
417,IFD,2026-07,America/Vancouver,68.0,16.0,84.0,11,4,0,80.0,85.0,85.0,min_to_prefer,4,0
445,IFD,2026-07,America/Vancouver,42.0,40.0,82.0,10,8,0,80.0,85.0,85.0,min_to_prefer,8,0
446,IFD,2026-07,America/Vancouver,64.67,20.0,84.67,6,4,0,80.0,85.0,85.0,min_to_prefer,4,0
449,IFD,2026-07,America/Vancouver,48.67,36.0,84.67,10,8,0,80.0,85.0,85.0,min_to_prefer,8,0
516,IFD,2026-07,America/Vancouver,56.5,28.0,84.5,7,3,0,80.0,85.0,85.0,min_to_prefer,3,0
545,IFD,2026-07,America/Vancouver,77.5,0.0,77.5,0,0,0,80.0,85.0,85.0,below_min,0,0
609,IFD,2026-07,America/Vancouver,77.5,0.0,77.5,0,0,0,80.0,85.0,85.0,below_min,0,0
784,IFD,2026-07,America/Vancouver,61.67,20.0,81.67,11,4,0,80.0,85.0,85.0,min_to_prefer,4,0
789,IFD,2026-07,America/Vancouver,73.5,0.0,73.5,6,0,0,80.0,85.0,85.0,below_min,0,0
799,IFD,2026-07,America/Vancouver,79.67,0.0,79.67,7,1,0,80.0,85.0,85.0,below_min,1,0
806,IFD,2026-07,America/Vancouver,9.17,0.0,9.17,8,30,0,80.0,85.0,85.0,below_min,0,30
900,IFD,2026-07,America/Vancouver,78.0,0.0,78.0,2,0,0,80.0,85.0,85.0,below_min,0,0
901,IFD,2026-07,America/Vancouver,78.67,0.0,78.67,5,0,0,80.0,85.0,85.0,below_min,0,0
903,IFD,2026-07,America/Vancouver,78.67,0.0,78.67,1,0,0,80.0,85.0,85.0,below_min,0,0
918,IFD,2026-07,America/Vancouver,64.92,20.0,84.92,12,4,0,80.0,85.0,85.0,min_to_prefer,4,0
96,IFD,2026-07,America/Vancouver,44.5,40.0,84.5,10,6,0,80.0,85.0,85.0,min_to_prefer,6,0
