crew_id,pairing_id,eligible,priority_weight
247,10012,1,7312.43
247,10086,1,7097.58
247,10098,1,7269.83
247,10139,1,7136.06
247,10147,1,7028.40
247,10166,1,7042.15
247,10170,1,7166.75
247,10189,1,7109.95
247,10205,1,7130.56
247,10232,1,7095.29
247,10241,1,7253.34
247,10271,1,7114.53
247,10288,1,7044.44
247,10289,0,7125.98
247,10311,1,7040.77
247,10321,1,7087.04
247,10356,0,7041.69
247,10359,1,7344.50
247,10379,1,7030.24
247,10393,1,7130.10
247,10420,1,7028.40
247,10421,0,7114.07
247,10432,0,7041.23
247,10442,1,7044.90
247,10445,0,7353.66
247,10458,1,7042.60
247,10483,1,7251.05
247,10484,0,7400.39
247,10501,1,7130.56
247,10504,0,7677.09
247,10533,1,7111.78
247,10552,1,7125.52
247,10577,1,7080.63
247,10605,1,7274.87
247,10635,1,7133.31
247,10662,1,7108.12
247,10678,1,7133.77
247,10703,1,7083.84
247,10713,1,7257.46
247,10734,1,7111.32
247,10735,1,7248.30
247,10757,0,7122.32
247,10779,1,7122.32
247,10785,1,7093.91
247,10813,0,7041.23
247,10814,1,7041.23
247,10838,1,7125.98
247,10866,0,7027.03
247,10879,1,7122.32
247,10901,1,7040.31
247,10923,1,7132.40
247,10939,1,7132.85
247,10964,1,7128.27
247,10983,1,7046.73
247,11003,1,7124.61
247,11009,1,7080.63
247,11053,1,42.60
247,11061,1,136.98
247,11072,1,178.21
247,11075,1,130.56
247,11100,1,126.90
247,11115,1,39.40
247,11117,0,39.40
247,11138,1,123.69
247,11142,1,87.04
247,11143,0,87.04
247,11172,1,7110.86
247,11192,1,7042.60
247,11209,1,7120.03
247,11214,1,7097.12
247,11215,0,7097.12
247,11245,1,700.00
247,11268,1,7133.77
247,11310,1,7127.81
247,11347,1,7137.89
247,11359,1,7134.23
247,11384,1,7124.15
247,11416,1,7128.73
247,11421,0,7094.37
247,11422,1,7094.37
247,11470,1,144.76
247,11481,1,137.89
247,11506,1,117.28
247,11522,0,43.98
247,11540,1,137.89
247,11544,1,94.37
247,11572,1,7124.15
247,11593,1,7043.98
247,11607,1,7128.73
247,11614,0,7094.37
247,11615,1,7094.37
247,11642,1,7050.85
247,11644,1,7117.28
247,11668,1,7137.89
247,11674,1,7174.54
247,11700,1,7032.53
247,11707,1,7128.73
247,11739,1,7117.28
247,11759,1,7043.98
247,11775,1,7137.89
247,11780,1,7071.47
247,11792,1,7174.54
247,11794,0,7174.54
247,11809,1,7124.15
247,11826,1,7043.98
247,11841,1,7128.73
247,11846,1,7094.37
247,11878,1,124.15
247,11897,1,43.98
247,11898,0,43.98
247,11917,1,137.89
247,11919,1,71.47
247,11928,1,-6825.46
247,11946,1,117.28
247,11959,1,137.89
247,11979,1,94.37
247,11980,0,94.37
247,11989,1,268.46
247,12011,1,7124.15
247,12028,1,7128.73
247,12051,1,7094.37
247,12077,1,7121.86
247,12092,1,7043.98
247,12112,1,7137.89
247,12113,1,7071.47
247,12122,1,7174.54
247,12148,1,7128.73
247,12156,1,7117.28
247,12170,1,7094.37
247,12195,1,453.99
247,12213,1,7043.98
247,12219,1,7144.76
247,12233,1,7137.89
247,12244,1,7174.54
247,12277,1,7128.73
247,12284,1,7117.28
247,12302,1,7094.37
247,12348,1,43.98
247,12357,1,144.76
247,12371,1,137.89
247,12387,1,-6825.46
247,12404,1,117.28
247,12419,1,43.98
247,12436,1,137.89
247,12440,1,94.37
247,12479,1,7128.73
247,12484,1,7094.37
247,61692,1,7137.89
247,61693,1,7071.47
247,61711,0,7000.00
247,61716,0,-7000.00
247,61717,0,-7000.00
247,61719,0,7000.00
247,61723,0,-7000.00
247,61724,0,-7000.00
247,61730,0,-7000.00
247,61731,0,-7000.00
247,61737,0,-7000.00
247,61738,0,-7000.00
247,61747,0,-7000.00
247,61748,0,-7000.00
247,61749,0,7000.00
247,61754,0,-7000.00
247,61755,0,-7000.00
247,61761,0,-7000.00
247,61762,0,-7000.00
247,61768,0,-7000.00
247,61769,0,-7000.00
247,96812,0,7044.44
247,96890,0,7093.91
247,96951,1,7040.31
247,96976,1,0.00
247,97485,0,-6347.64
247,97728,1,43.98
247,98784,1,7121.86
247,98799,1,7043.98
247,99316,0,7144.76
247,99377,0,7163.09
247,102054,1,7124.15
247,102071,1,7043.98
247,103445,1,0.00
247,103446,1,0.00
247,103462,1,-7000.00
247,103463,1,0.00
247,103465,1,-7000.00
247,103466,1,0.00
247,103471,1,0.00
247,103472,1,0.00
247,103477,1,0.00
247,103478,1,0.00
247,103492,1,0.00
247,144104,1,0.00
247,144105,1,0.00
247,144112,1,0.00
247,144113,1,0.00
247,144125,1,0.00
247,144126,1,-7000.00
274,10012,1,0.00
274,10086,1,0.00
274,10098,1,0.00
274,10139,1,0.00
274,10147,1,0.00
274,10166,1,0.00
274,10170,1,0.00
274,10189,1,0.00
274,10205,1,0.00
274,10232,1,0.00
274,10241,1,0.00
274,10271,1,0.00
274,10288,1,0.00
274,10311,1,0.00
274,10321,1,0.00
274,10359,1,0.00
274,10379,1,0.00
274,10393,1,0.00
274,10420,1,0.00
274,10442,1,0.00
274,10458,1,0.00
274,10483,1,0.00
274,10501,1,0.00
274,10533,1,0.00
274,10552,1,0.00
274,10577,1,0.00
274,10605,1,0.00
274,10635,1,0.00
274,10662,1,0.00
274,10678,1,0.00
274,10703,1,0.00
274,10713,1,0.00
274,10734,1,0.00
274,10735,1,0.00
274,10779,1,0.00
274,10785,1,0.00
274,10814,1,0.00
274,10838,1,0.00
274,10879,1,0.00
274,10901,1,0.00
274,10923,1,0.00
274,10939,1,0.00
274,10964,1,0.00
274,10983,1,0.00
274,11003,1,0.00
274,11009,1,0.00
274,11053,1,0.00
274,11061,1,0.00
274,11072,1,0.00
274,11075,1,0.00
274,11100,1,0.00
274,11115,1,0.00
274,11138,1,0.00
274,11142,1,0.00
274,11172,1,0.00
274,11192,1,0.00
274,11209,1,0.00
274,11214,1,0.00
274,11245,1,0.00
274,11268,1,0.00
274,11310,1,0.00
274,11347,1,0.00
274,11359,1,0.00
274,11384,1,0.00
274,11416,1,0.00
274,11422,1,0.00
274,11470,1,0.00
274,11481,1,0.00
274,11506,1,0.00
274,11540,1,0.00
274,11544,1,0.00
274,11572,1,0.00
274,11593,1,0.00
274,11607,1,0.00
274,11615,1,0.00
274,11642,1,0.00
274,11644,1,0.00
274,11668,1,0.00
274,11674,1,0.00
274,11700,1,0.00
274,11707,1,0.00
274,11739,1,0.00
274,11759,1,0.00
274,11775,1,0.00
274,11780,1,0.00
274,11792,1,0.00
274,11809,1,0.00
274,11826,1,0.00
274,11841,1,0.00
274,11846,1,0.00
274,11878,1,0.00
274,11897,1,0.00
274,11917,1,0.00
274,11919,1,0.00
274,11928,1,0.00
274,11946,1,0.00
274,11959,1,0.00
274,11979,1,0.00
274,11989,1,0.00
274,12011,1,0.00
274,12028,1,0.00
274,12051,1,0.00
274,12077,1,0.00
274,12092,1,0.00
274,12112,1,0.00
274,12113,1,0.00
274,12122,1,0.00
274,12148,1,0.00
274,12156,1,0.00
274,12170,1,0.00
274,12195,1,0.00
274,12213,1,0.00
274,12219,1,0.00
274,12233,1,0.00
274,12244,1,0.00
274,12277,1,0.00
274,12284,1,0.00
274,12302,1,0.00
274,12348,1,0.00
274,12357,1,0.00
274,12371,1,0.00
274,12387,1,0.00
274,12404,1,0.00
274,12419,1,0.00
274,12436,1,0.00
274,12440,1,0.00
274,12479,1,0.00
274,12484,1,0.00
274,61692,1,0.00
274,61693,1,0.00
274,61711,1,0.00
274,61712,1,0.00
274,61713,1,0.00
274,61714,1,0.00
274,61715,1,0.00
274,61716,1,0.00
274,61717,1,0.00
274,61718,1,0.00
274,61719,1,0.00
274,61720,1,0.00
274,61721,1,0.00
274,61722,1,0.00
274,61723,1,0.00
274,61724,1,0.00
274,61725,1,0.00
274,61726,1,0.00
274,61727,1,0.00
274,61728,1,0.00
274,61729,1,0.00
274,61730,1,0.00
274,61731,1,0.00
274,61732,1,0.00
274,61733,1,0.00
274,61734,1,0.00
274,61735,1,0.00
274,61736,1,0.00
274,61737,1,0.00
274,61738,1,0.00
274,61739,1,0.00
274,61740,1,0.00
274,61742,1,0.00
274,61743,1,0.00
274,61744,1,0.00
274,61745,1,0.00
274,61746,1,0.00
274,61747,1,0.00
274,61748,1,0.00
274,61749,1,0.00
274,61750,1,0.00
274,61751,1,0.00
274,61752,1,0.00
274,61753,1,0.00
274,61754,1,0.00
274,61755,1,0.00
274,61756,1,0.00
274,61757,1,0.00
274,61758,1,0.00
274,61759,1,0.00
274,61760,1,0.00
274,61761,1,0.00
274,61762,1,0.00
274,61763,1,0.00
274,61764,1,0.00
274,61765,1,0.00
274,61766,1,0.00
274,61767,1,0.00
274,61768,1,0.00
274,61769,1,0.00
274,61770,1,0.00
274,61771,1,0.00
274,96951,1,0.00
274,96976,1,0.00
274,97728,1,0.00
274,98784,1,0.00
274,98799,1,0.00
274,102054,1,0.00
274,102071,1,0.00
274,103445,1,0.00
274,103446,1,0.00
274,103462,1,0.00
274,103463,1,0.00
274,103465,1,0.00
274,103466,1,0.00
274,103471,1,0.00
274,103472,1,0.00
274,103477,1,0.00
274,103478,1,0.00
274,103492,1,0.00
274,144104,1,0.00
274,144105,1,0.00
274,144112,1,0.00
274,144113,1,0.00
274,144125,1,0.00
274,144126,1,0.00
383,10012,1,0.00
383,10086,1,0.00
383,10098,1,0.00
383,10139,1,0.00
383,10147,1,0.00
383,10166,1,0.00
383,10170,1,0.00
383,10189,1,0.00
383,10205,1,0.00
383,10232,1,0.00
383,10241,1,0.00
383,10271,1,0.00
383,10288,1,0.00
383,10311,1,0.00
383,10321,1,0.00
383,10359,1,0.00
383,10379,1,0.00
383,10393,1,0.00
383,10420,1,0.00
383,10442,1,0.00
383,10458,1,0.00
383,10483,1,0.00
383,10501,1,0.00
383,10533,1,0.00
383,10552,1,0.00
383,10577,1,0.00
383,10605,1,0.00
383,10635,1,0.00
383,10662,1,0.00
383,10678,1,0.00
383,10703,1,0.00
383,10713,1,0.00
383,10734,1,0.00
383,10735,1,0.00
383,10779,1,0.00
383,10785,1,0.00
383,10814,1,0.00
383,10838,1,0.00
383,11310,1,0.00
383,11347,1,0.00
383,11359,1,0.00
383,11384,1,0.00
383,11416,1,0.00
383,11422,1,0.00
383,11470,1,0.00
383,11481,1,0.00
383,11506,1,0.00
383,11540,1,0.00
383,11544,1,0.00
383,11572,1,0.00
383,11593,1,0.00
383,11607,1,0.00
383,11615,1,0.00
383,11642,1,0.00
383,11644,1,0.00
383,11668,1,0.00
383,12148,1,0.00
383,12156,1,0.00
383,12170,1,0.00
383,12195,1,0.00
383,12213,1,0.00
383,12219,1,0.00
383,12233,1,0.00
383,12244,1,0.00
383,12277,1,0.00
383,12284,1,0.00
383,12302,1,0.00
383,12348,1,0.00
383,12357,1,0.00
383,12371,1,0.00
383,12387,1,0.00
383,12404,1,0.00
383,12419,1,0.00
383,12436,1,0.00
383,12440,1,0.00
383,12479,1,0.00
383,12484,1,0.00
383,61692,1,0.00
383,61693,1,0.00
383,61711,1,0.00
383,61712,1,0.00
383,61720,1,0.00
383,61721,1,0.00
383,61722,1,0.00
383,61723,1,0.00
383,61724,1,0.00
383,61725,1,0.00
383,61726,1,0.00
383,61734,1,0.00
383,61735,1,0.00
383,61736,1,0.00
383,61737,1,0.00
383,61738,1,0.00
383,61739,1,0.00
383,61740,1,0.00
383,61742,1,0.00
383,61743,1,0.00
383,61751,1,0.00
383,61752,1,0.00
383,61753,1,0.00
383,61754,1,0.00
383,61755,1,0.00
383,61756,1,0.00
383,61757,1,0.00
383,61765,1,0.00
383,61766,1,0.00
383,61767,1,0.00
383,61768,1,0.00
383,61769,1,0.00
383,61770,1,0.00
383,61771,1,0.00
383,96951,1,0.00
383,97728,1,0.00
383,98784,1,0.00
383,98799,1,0.00
383,102054,1,0.00
383,102071,1,0.00
383,103462,1,0.00
383,103463,1,0.00
383,103465,1,0.00
383,103466,1,0.00
383,103478,1,0.00
383,144104,1,0.00
499,10012,1,0.00
499,10086,1,0.00
499,10098,1,0.00
499,10139,1,0.00
499,10147,1,0.00
499,10166,1,0.00
499,10170,1,0.00
499,10189,1,0.00
499,10205,1,0.00
499,10232,1,0.00
499,10241,1,0.00
499,10271,1,0.00
499,10288,1,0.00
499,10311,1,0.00
499,10321,1,0.00
499,10359,1,0.00
499,10379,1,0.00
499,10393,1,0.00
499,10420,1,0.00
499,10442,1,0.00
499,10458,1,0.00
499,10483,1,0.00
499,10501,1,0.00
499,10533,1,0.00
499,10552,1,0.00
499,10577,1,0.00
499,10605,1,0.00
499,10635,1,0.00
499,10662,1,0.00
499,10678,1,0.00
499,10703,1,0.00
499,10713,1,0.00
499,10734,1,0.00
499,10735,1,0.00
499,10779,1,0.00
499,10785,1,0.00
499,10814,1,0.00
499,10838,1,0.00
499,10879,1,0.00
499,10901,1,0.00
499,10923,1,0.00
499,10939,1,0.00
499,10964,1,0.00
499,10983,1,0.00
499,11003,1,0.00
499,11009,1,0.00
499,11053,1,0.00
499,11061,1,0.00
499,11072,1,0.00
499,11075,1,0.00
499,11100,1,0.00
499,11115,1,0.00
499,11138,1,0.00
499,11142,1,0.00
499,11172,1,0.00
499,11192,1,0.00
499,11209,1,0.00
499,11214,1,0.00
499,11245,1,0.00
499,11268,1,0.00
499,11310,1,0.00
499,11347,1,0.00
499,11359,1,0.00
499,11384,1,0.00
499,11416,1,0.00
499,11422,1,0.00
499,11470,1,0.00
499,11481,1,0.00
499,11506,1,0.00
499,11540,1,0.00
499,11544,1,0.00
499,11572,1,0.00
499,11593,1,0.00
499,11607,1,0.00
499,11615,1,0.00
499,11642,1,0.00
499,11644,1,0.00
499,11668,1,0.00
499,11674,1,0.00
499,11700,1,0.00
499,11707,1,0.00
499,11739,1,0.00
499,11759,1,0.00
499,11775,1,0.00
499,11780,1,0.00
499,11792,1,0.00
499,11809,1,0.00
499,11826,1,0.00
499,11841,1,0.00
499,11846,1,0.00
499,11878,1,0.00
499,11897,1,0.00
499,11917,1,0.00
499,11919,1,0.00
499,11928,1,0.00
499,11946,1,0.00
499,11959,1,0.00
499,11979,1,0.00
499,11989,1,0.00
499,12011,1,0.00
499,12028,1,0.00
499,12051,1,0.00
499,12077,1,0.00
499,12092,1,0.00
499,12112,1,0.00
499,12113,1,0.00
499,12122,1,0.00
499,12148,1,0.00
499,12156,1,0.00
499,12170,1,0.00
499,12195,1,0.00
499,12213,1,0.00
499,12219,1,0.00
499,12233,1,0.00
499,12244,1,0.00
499,12277,1,0.00
499,12284,1,0.00
499,12302,1,0.00
499,12348,1,0.00
499,12357,1,0.00
499,12371,1,0.00
499,12387,1,0.00
499,12404,1,0.00
499,12419,1,0.00
499,12436,1,0.00
499,12440,1,0.00
499,12479,1,0.00
499,12484,1,0.00
499,61692,1,0.00
499,61693,1,0.00
499,61711,1,0.00
499,61712,1,0.00
499,61713,1,0.00
499,61714,1,0.00
499,61715,1,0.00
499,61716,1,0.00
499,61717,1,0.00
499,61718,1,0.00
499,61719,1,0.00
499,61720,1,0.00
499,61721,1,0.00
499,61722,1,0.00
499,61723,1,0.00
499,61724,1,0.00
499,61725,1,0.00
499,61726,1,0.00
499,61727,1,0.00
499,61728,1,0.00
499,61729,1,0.00
499,61730,1,0.00
499,61731,1,0.00
499,61732,1,0.00
499,61733,1,0.00
499,61734,1,0.00
499,61735,1,0.00
499,61736,1,0.00
499,61737,1,0.00
499,61738,1,0.00
499,61739,1,0.00
499,61740,1,0.00
499,61742,1,0.00
499,61743,1,0.00
499,61744,1,0.00
499,61745,1,0.00
499,61746,1,0.00
499,61747,1,0.00
499,61748,1,0.00
499,61749,1,0.00
499,61750,1,0.00
499,61751,1,0.00
499,61752,1,0.00
499,61753,1,0.00
499,61754,1,0.00
499,61755,1,0.00
499,61756,1,0.00
499,61757,1,0.00
499,61758,1,0.00
499,61759,1,0.00
499,61760,1,0.00
499,61761,1,0.00
499,61762,1,0.00
499,61763,1,0.00
499,61764,1,0.00
499,61765,1,0.00
499,61766,1,0.00
499,61767,1,0.00
499,61768,1,0.00
499,61769,1,0.00
499,61770,1,0.00
499,61771,1,0.00
499,96951,1,0.00
499,96976,1,0.00
499,97728,1,0.00
499,98784,1,0.00
499,98799,1,0.00
499,102054,1,0.00
499,102071,1,0.00
499,103445,1,0.00
499,103446,1,0.00
499,103462,1,0.00
499,103463,1,0.00
499,103465,1,0.00
499,103466,1,0.00
499,103471,1,0.00
499,103472,1,0.00
499,103477,1,0.00
499,103478,1,0.00
499,103492,1,0.00
499,144104,1,0.00
499,144105,1,0.00
499,144112,1,0.00
499,144113,1,0.00
499,144125,1,0.00
499,144126,1,0.00
536,10012,1,5956.02
536,10086,1,5781.02
536,10098,1,5921.32
536,10139,1,5812.37
536,10147,1,5724.68
536,10166,1,5735.87
536,10170,1,5837.37
536,10189,1,5791.10
536,10205,1,5807.89
536,10232,1,5779.16
536,10241,1,5907.89
536,10271,1,5794.83
536,10288,1,5737.74
536,10289,0,5804.16
536,10311,1,5734.75
536,10321,1,5772.44
536,10356,0,5735.50
536,10359,1,5982.14
536,10379,1,5726.17
536,10393,1,5807.51
536,10420,1,5724.68
536,10421,0,5794.46
536,10432,0,5735.13
536,10442,1,5738.11
536,10445,0,5989.61
536,10458,1,5736.25
536,10483,1,5906.02
536,10484,0,6027.67
536,10501,1,5807.89
536,10504,0,6253.04
536,10533,1,5792.59
536,10552,1,5803.78
536,10577,1,5767.22
536,10605,1,5925.43
536,10635,1,5810.13
536,10662,1,5789.60
536,10678,1,5810.50
536,10703,1,5769.83
536,10713,1,5911.25
536,10734,1,5792.22
536,10735,1,5903.78
536,10757,0,5801.17
536,10779,1,5801.17
536,10785,1,5778.04
536,10813,0,5735.13
536,10814,1,5735.13
536,10838,1,5804.16
536,10866,0,5723.56
536,10879,1,5801.17
536,10901,1,5734.38
536,10923,1,5809.38
536,10939,1,5809.75
536,10964,1,5806.02
536,10983,1,5739.60
536,11003,1,5803.04
536,11009,1,5767.22
536,11053,1,5736.25
536,11061,1,5813.11
536,11072,1,5846.69
536,11075,1,5807.89
536,11100,1,5804.90
536,11115,1,5733.63
536,11117,0,5733.63
536,11138,1,5802.29
536,11142,1,5772.44
536,11143,0,5772.44
536,11172,1,5791.84
536,11192,1,5736.25
536,11209,1,5799.31
536,11214,1,5780.65
536,11215,0,5780.65
536,11245,1,6271.70
536,11268,1,5810.50
536,11310,1,5805.65
536,11347,1,5813.86
536,11359,1,5810.87
536,11384,1,5802.66
536,11416,1,5806.40
536,11421,0,5778.41
536,11422,1,5778.41
536,11470,1,5819.46
536,11481,1,5813.86
536,11506,1,5797.07
536,11522,0,5737.36
536,11540,1,5813.86
536,11544,1,5778.41
536,11572,1,5802.66
536,11593,1,5737.36
536,11607,1,5806.40
536,11614,0,5778.41
536,11615,1,5778.41
536,11642,1,5742.96
536,11644,1,5797.07
536,11668,1,5813.86
536,11674,1,5843.71
536,11700,1,5728.04
536,11707,1,5806.40
536,11739,1,5797.07
536,11759,1,5737.36
536,11775,1,5813.86
536,11780,1,5759.75
536,11792,1,5843.71
536,11794,0,5843.71
536,11809,1,5802.66
536,11826,1,5737.36
536,11841,1,5806.40
536,11846,1,5778.41
536,11878,1,5802.66
536,11897,1,5737.36
536,11898,0,5737.36
536,11917,1,5813.86
536,11919,1,5759.75
536,11928,1,5843.71
536,11946,1,5797.07
536,11959,1,5813.86
536,11979,1,5778.41
536,11980,0,5778.41
536,11989,1,5920.20
536,12011,1,5802.66
536,12028,1,5806.40
536,12051,1,5778.41
536,12077,1,5800.80
536,12092,1,5737.36
536,12112,1,5813.86
536,12113,1,5759.75
536,12122,1,5843.71
536,12148,1,5806.40
536,12156,1,5797.07
536,12170,1,5778.41
536,12195,1,6071.32
536,12213,1,5737.36
536,12219,1,5819.46
536,12233,1,5813.86
536,12244,1,5843.71
536,12277,1,5806.40
536,12284,1,5797.07
536,12302,1,5778.41
536,12348,1,5737.36
536,12357,1,5819.46
536,12371,1,5813.86
536,12387,1,5843.71
536,12404,1,5797.07
536,12419,1,5737.36
536,12436,1,5813.86
536,12440,1,5778.41
536,12479,1,5806.40
536,12484,1,5778.41
536,61692,1,5813.86
536,61693,1,5759.75
536,61711,1,0.00
536,61712,1,0.00
536,61713,1,0.00
536,61714,1,0.00
536,61715,1,0.00
536,61716,1,0.00
536,61717,1,0.00
536,61718,1,0.00
536,61719,1,0.00
536,61720,1,0.00
536,61721,1,0.00
536,61722,1,0.00
536,61723,1,0.00
536,61724,1,0.00
536,61725,1,0.00
536,61726,1,0.00
536,61727,1,0.00
536,61728,1,0.00
536,61729,1,0.00
536,61730,1,0.00
536,61731,1,0.00
536,61732,1,0.00
536,61733,1,0.00
536,61734,1,0.00
536,61735,1,0.00
536,61736,1,0.00
536,61737,1,0.00
536,61738,1,0.00
536,61739,1,0.00
536,61740,1,0.00
536,61742,1,0.00
536,61743,1,0.00
536,61744,1,0.00
536,61745,1,0.00
536,61746,1,0.00
536,61747,1,0.00
536,61748,1,0.00
536,61749,1,0.00
536,61750,1,0.00
536,61751,1,0.00
536,61752,1,0.00
536,61753,1,0.00
536,61754,1,0.00
536,61755,1,0.00
536,61756,1,0.00
536,61757,1,0.00
536,61758,1,0.00
536,61759,1,0.00
536,61760,1,0.00
536,61761,1,0.00
536,61762,1,0.00
536,61763,1,0.00
536,61764,1,0.00
536,61765,1,0.00
536,61766,1,0.00
536,61767,1,0.00
536,61768,1,0.00
536,61769,1,0.00
536,61770,1,0.00
536,61771,1,0.00
536,96812,0,5737.74
536,96890,0,5778.04
536,96951,1,5734.38
536,96976,1,0.00
536,97728,1,5737.36
536,98784,1,5800.80
536,98799,1,5737.36
536,99316,0,5819.46
536,99377,0,5834.38
536,102054,1,5802.66
536,102071,1,5737.36
536,103445,1,0.00
536,103446,1,0.00
536,103462,1,0.00
536,103463,1,0.00
536,103465,1,0.00
536,103466,1,0.00
536,103471,1,0.00
536,103472,1,0.00
536,103477,1,0.00
536,103478,1,0.00
536,103492,1,0.00
536,144104,1,0.00
536,144105,1,0.00
536,144112,1,0.00
536,144113,1,0.00
536,144125,1,0.00
536,144126,1,0.00
572,61711,1,0.00
572,61712,1,0.00
572,61713,1,0.00
572,61714,1,0.00
572,61715,1,0.00
572,61716,1,0.00
572,61717,1,0.00
572,61718,1,0.00
572,61719,1,0.00
572,61720,1,0.00
572,61721,1,0.00
572,61722,1,0.00
572,61723,1,0.00
572,61724,1,0.00
572,61725,1,0.00
572,61726,1,0.00
572,61727,1,0.00
572,61728,1,0.00
572,61729,1,0.00
572,61730,1,0.00
572,61731,1,0.00
572,61732,1,0.00
572,61733,1,0.00
572,61734,1,0.00
572,61735,1,0.00
572,61736,1,0.00
572,61737,1,0.00
572,61738,1,0.00
572,61739,1,0.00
572,61740,1,0.00
813,10012,1,0.00
813,10086,1,0.00
813,10098,1,0.00
813,10139,1,0.00
813,10147,1,0.00
813,10166,1,0.00
813,10170,1,0.00
813,10189,1,0.00
813,10205,1,0.00
813,10232,1,0.00
813,10241,1,0.00
813,10271,1,0.00
813,10288,1,0.00
813,10311,1,0.00
813,10321,1,0.00
813,10359,1,0.00
813,10379,1,0.00
813,10393,1,0.00
813,10420,1,0.00
813,10442,1,0.00
813,10458,1,0.00
813,10483,1,0.00
813,10501,1,0.00
813,10533,1,0.00
813,10552,1,0.00
813,10577,1,0.00
813,10605,1,0.00
813,10635,1,0.00
813,10662,1,0.00
813,10678,1,0.00
813,10703,1,0.00
813,10713,1,0.00
813,10734,1,0.00
813,10735,1,0.00
813,10779,1,0.00
813,10785,1,0.00
813,10814,1,0.00
813,10838,1,0.00
813,10879,1,0.00
813,10901,1,0.00
813,10923,1,0.00
813,10939,1,0.00
813,10964,1,0.00
813,10983,1,0.00
813,11003,1,0.00
813,11009,1,0.00
813,11053,1,0.00
813,11061,1,0.00
813,11072,1,0.00
813,11075,1,0.00
813,11100,1,0.00
813,11115,1,0.00
813,11138,1,0.00
813,11142,1,0.00
813,11172,1,0.00
813,11192,1,0.00
813,11209,1,0.00
813,11214,1,0.00
813,11245,1,0.00
813,11268,1,0.00
813,11310,1,0.00
813,11347,1,0.00
813,11359,1,0.00
813,11384,1,0.00
813,11416,1,0.00
813,11422,1,0.00
813,11470,1,0.00
813,11481,1,0.00
813,11506,1,0.00
813,11540,1,0.00
813,11544,1,0.00
813,11572,1,0.00
813,11593,1,0.00
813,11607,1,0.00
813,11615,1,0.00
813,11642,1,0.00
813,11644,1,0.00
813,11668,1,0.00
813,11674,1,0.00
813,11700,1,0.00
813,11707,1,0.00
813,11739,1,0.00
813,11759,1,0.00
813,11775,1,0.00
813,11780,1,0.00
813,11792,1,0.00
813,11809,1,0.00
813,11826,1,0.00
813,11841,1,0.00
813,11846,1,0.00
813,11878,1,0.00
813,11897,1,0.00
813,11917,1,0.00
813,11919,1,0.00
813,11928,1,0.00
813,11946,1,0.00
813,11959,1,0.00
813,11979,1,0.00
813,11989,1,0.00
813,12011,1,0.00
813,12028,1,0.00
813,12051,1,0.00
813,12077,1,0.00
813,12092,1,0.00
813,12112,1,0.00
813,12113,1,0.00
813,12122,1,0.00
813,12148,1,0.00
813,12156,1,0.00
813,12170,1,0.00
813,12195,1,0.00
813,12213,1,0.00
813,12219,1,0.00
813,12233,1,0.00
813,12244,1,0.00
813,12277,1,0.00
813,12284,1,0.00
813,12302,1,0.00
813,12348,1,0.00
813,12357,1,0.00
813,12371,1,0.00
813,12387,1,0.00
813,12404,1,0.00
813,12419,1,0.00
813,12436,1,0.00
813,12440,1,0.00
813,12479,1,0.00
813,12484,1,0.00
813,61692,1,0.00
813,61693,1,0.00
813,61711,1,0.00
813,61712,1,0.00
813,61713,1,0.00
813,61714,1,0.00
813,61715,1,0.00
813,61716,1,0.00
813,61717,1,0.00
813,61718,1,0.00
813,61719,1,0.00
813,61720,1,0.00
813,61721,1,0.00
813,61722,1,0.00
813,61723,1,0.00
813,61724,1,0.00
813,61725,1,0.00
813,61726,1,0.00
813,61727,1,0.00
813,61728,1,0.00
813,61729,1,0.00
813,61730,1,0.00
813,61731,1,0.00
813,61732,1,0.00
813,61733,1,0.00
813,61734,1,0.00
813,61735,1,0.00
813,61736,1,0.00
813,61737,1,0.00
813,61738,1,0.00
813,61739,1,0.00
813,61740,1,0.00
813,61742,1,0.00
813,61743,1,0.00
813,61744,1,0.00
813,61745,1,0.00
813,61746,1,0.00
813,61747,1,0.00
813,61748,1,0.00
813,61749,1,0.00
813,61750,1,0.00
813,61751,1,0.00
813,61752,1,0.00
813,61753,1,0.00
813,61754,1,0.00
813,61755,1,0.00
813,61756,1,0.00
813,61757,1,0.00
813,61758,1,0.00
813,61759,1,0.00
813,61760,1,0.00
813,61761,1,0.00
813,61762,1,0.00
813,61763,1,0.00
813,61764,1,0.00
813,61765,1,0.00
813,61766,1,0.00
813,61767,1,0.00
813,61768,1,0.00
813,61769,1,0.00
813,61770,1,0.00
813,61771,1,0.00
813,96951,1,0.00
813,96976,1,0.00
813,97728,1,0.00
813,98784,1,0.00
813,98799,1,0.00
813,102054,1,0.00
813,102071,1,0.00
813,103445,1,0.00
813,103446,1,0.00
813,103462,1,0.00
813,103463,1,0.00
813,103465,1,0.00
813,103466,1,0.00
813,103471,1,0.00
813,103472,1,0.00
813,103477,1,0.00
813,103478,1,0.00
813,103492,1,0.00
813,144104,1,0.00
813,144105,1,0.00
813,144112,1,0.00
813,144113,1,0.00
813,144125,1,0.00
813,144126,1,0.00
996,10012,1,0.00
996,10086,1,0.00
996,10098,1,0.00
996,10139,1,0.00
996,10147,1,0.00
996,10166,1,0.00
996,10170,1,0.00
996,10189,1,0.00
996,10205,1,0.00
996,10232,1,0.00
996,10241,1,0.00
996,10271,1,0.00
996,10288,1,0.00
996,10311,1,0.00
996,10321,1,0.00
996,10359,1,0.00
996,10379,1,0.00
996,10393,1,0.00
996,10420,1,0.00
996,10442,1,0.00
996,10458,1,0.00
996,10483,1,0.00
996,10501,1,0.00
996,10533,1,0.00
996,10552,1,0.00
996,10577,1,0.00
996,10605,1,0.00
996,10635,1,0.00
996,10662,1,0.00
996,10678,1,0.00
996,10703,1,0.00
996,10713,1,0.00
996,10734,1,0.00
996,10735,1,0.00
996,10779,1,0.00
996,10785,1,0.00
996,10814,1,0.00
996,10838,1,0.00
996,10879,1,0.00
996,10901,1,0.00
996,10923,1,0.00
996,10939,1,0.00
996,10964,1,0.00
996,10983,1,0.00
996,11003,1,0.00
996,11009,1,0.00
996,11053,1,-4888.36
996,11061,1,-4888.36
996,11072,1,-4888.36
996,11075,1,-4888.36
996,11100,1,-4888.36
996,11115,1,-4888.36
996,11117,0,-4888.36
996,11138,1,-4888.36
996,11142,1,-4888.36
996,11143,0,-4888.36
996,11172,1,0.00
996,11192,1,0.00
996,11209,1,0.00
996,11214,1,0.00
996,11245,1,-4888.36
996,11268,1,0.00
996,11310,1,0.00
996,11347,1,0.00
996,11359,1,0.00
996,11384,1,0.00
996,11416,1,0.00
996,11422,1,0.00
996,11470,1,-4888.36
996,11481,1,-4888.36
996,11506,1,-4888.36
996,11522,0,-4888.36
996,11540,1,-4888.36
996,11544,1,-4888.36
996,11572,1,0.00
996,11593,1,0.00
996,11607,1,0.00
996,11615,1,0.00
996,11642,1,0.00
996,11644,1,0.00
996,11668,1,0.00
996,11674,1,0.00
996,11700,1,0.00
996,11707,1,0.00
996,11739,1,0.00
996,11759,1,0.00
996,11775,1,0.00
996,11780,1,0.00
996,11792,1,0.00
996,11809,1,0.00
996,11826,1,0.00
996,11841,1,0.00
996,11846,1,0.00
996,11878,1,-4888.36
996,11897,1,-4888.36
996,11898,0,-4888.36
996,11917,1,-4888.36
996,11919,1,-4888.36
996,11928,1,-9776.72
996,11946,1,-4888.36
996,11959,1,-4888.36
996,11979,1,-4888.36
996,11980,0,-4888.36
996,11989,1,-4888.36
996,12011,1,0.00
996,12028,1,0.00
996,12051,1,0.00
996,12077,1,0.00
996,12092,1,0.00
996,12112,1,0.00
996,12113,1,0.00
996,12122,1,0.00
996,12148,1,0.00
996,12156,1,0.00
996,12170,1,0.00
996,12195,1,-4888.36
996,12213,1,0.00
996,12219,1,0.00
996,12233,1,0.00
996,12244,1,0.00
996,12277,1,0.00
996,12284,1,0.00
996,12302,1,0.00
996,12348,1,-4888.36
996,12357,1,-4888.36
996,12371,1,-4888.36
996,12387,1,-9776.72
996,12404,1,-4888.36
996,12419,1,-4888.36
996,12436,1,-4888.36
996,12440,1,-4888.36
996,12479,1,0.00
996,12484,1,0.00
996,61692,1,0.00
996,61693,1,0.00
996,61711,1,0.00
996,61712,1,0.00
996,61713,1,0.00
996,61714,1,0.00
996,61715,1,0.00
996,61716,1,-4888.36
996,61717,1,-4888.36
996,61718,1,0.00
996,61719,1,0.00
996,61720,1,0.00
996,61721,1,0.00
996,61722,1,0.00
996,61723,1,-4888.36
996,61724,1,-4888.36
996,61725,1,0.00
996,61726,1,0.00
996,61727,1,0.00
996,61728,1,0.00
996,61729,1,0.00
996,61730,1,-4888.36
996,61731,1,-4888.36
996,61732,1,0.00
996,61733,1,0.00
996,61734,1,0.00
996,61735,1,0.00
996,61736,1,0.00
996,61737,1,-4888.36
996,61738,1,-4888.36
996,61739,1,0.00
996,61740,1,0.00
996,61742,1,0.00
996,61743,1,0.00
996,61744,1,0.00
996,61745,1,0.00
996,61746,1,0.00
996,61747,1,-4888.36
996,61748,1,-4888.36
996,61749,1,0.00
996,61750,1,0.00
996,61751,1,0.00
996,61752,1,0.00
996,61753,1,0.00
996,61754,1,-4888.36
996,61755,1,-4888.36
996,61756,1,0.00
996,61757,1,0.00
996,61758,1,0.00
996,61759,1,0.00
996,61760,1,0.00
996,61761,1,-4888.36
996,61762,1,-4888.36
996,61763,1,0.00
996,61764,1,0.00
996,61765,1,0.00
996,61766,1,0.00
996,61767,1,0.00
996,61768,1,-4888.36
996,61769,1,-4888.36
996,61770,1,0.00
996,61771,1,0.00
996,96951,1,0.00
996,96976,1,0.00
996,97485,0,-9776.72
996,97728,1,-4888.36
996,98784,1,0.00
996,98799,1,0.00
996,102054,1,0.00
996,102071,1,0.00
996,103445,1,0.00
996,103446,1,0.00
996,103462,1,-4888.36
996,103463,1,0.00
996,103465,1,-4888.36
996,103466,1,0.00
996,103471,1,0.00
996,103472,1,0.00
996,103477,1,0.00
996,103478,1,0.00
996,103492,1,0.00
996,144104,1,0.00
996,144105,1,0.00
996,144112,1,0.00
996,144113,1,0.00
996,144125,1,0.00
996,144126,1,-4888.36
1427,10012,1,0.00
1427,10086,1,0.00
1427,10098,1,0.00
1427,10139,1,0.00
1427,10147,1,0.00
1427,10166,1,0.00
1427,10170,1,0.00
1427,10189,1,0.00
1427,10205,1,0.00
1427,10232,1,0.00
1427,10241,1,0.00
1427,10271,1,0.00
1427,10288,1,0.00
1427,10311,1,0.00
1427,10321,1,0.00
1427,10359,1,0.00
1427,10379,1,0.00
1427,10393,1,0.00
1427,10420,1,0.00
1427,10442,1,0.00
1427,10458,1,0.00
1427,10483,1,0.00
1427,10501,1,0.00
1427,10533,1,0.00
1427,10552,1,0.00
1427,10577,1,0.00
1427,10605,1,0.00
1427,10635,1,0.00
1427,10662,1,0.00
1427,10678,1,0.00
1427,10703,1,0.00
1427,10713,1,0.00
1427,10734,1,0.00
1427,10735,1,0.00
1427,10779,1,0.00
1427,10785,1,0.00
1427,10814,1,0.00
1427,10838,1,0.00
1427,10879,1,0.00
1427,10901,1,0.00
1427,10923,1,0.00
1427,10939,1,0.00
1427,10964,1,0.00
1427,10983,1,0.00
1427,11003,1,0.00
1427,11009,1,0.00
1427,11053,1,0.00
1427,11061,1,0.00
1427,11072,1,0.00
1427,11075,1,0.00
1427,11100,1,0.00
1427,11115,1,0.00
1427,11138,1,0.00
1427,11142,1,0.00
1427,11172,1,0.00
1427,11192,1,0.00
1427,11209,1,0.00
1427,11214,1,0.00
1427,11245,1,0.00
1427,11268,1,0.00
1427,11310,1,0.00
1427,11347,1,0.00
1427,11359,1,0.00
1427,11384,1,0.00
1427,11416,1,0.00
1427,11422,1,0.00
1427,11470,1,0.00
1427,11481,1,0.00
1427,11506,1,0.00
1427,11540,1,0.00
1427,11544,1,0.00
1427,11572,1,0.00
1427,11593,1,0.00
1427,11607,1,0.00
1427,11615,1,0.00
1427,11642,1,0.00
1427,11644,1,0.00
1427,11668,1,0.00
1427,11674,1,0.00
1427,11700,1,0.00
1427,11707,1,0.00
1427,11739,1,0.00
1427,11759,1,0.00
1427,11775,1,0.00
1427,11780,1,0.00
1427,11792,1,0.00
1427,11809,1,0.00
1427,11826,1,0.00
1427,11841,1,0.00
1427,11846,1,0.00
1427,11878,1,0.00
1427,11897,1,0.00
1427,11917,1,0.00
1427,11919,1,0.00
1427,11928,1,0.00
1427,11946,1,0.00
1427,11959,1,0.00
1427,11979,1,0.00
1427,11989,1,0.00
1427,12011,1,0.00
1427,12028,1,0.00
1427,12051,1,0.00
1427,12077,1,0.00
1427,12092,1,0.00
1427,12112,1,0.00
1427,12113,1,0.00
1427,12122,1,0.00
1427,12148,1,0.00
1427,12156,1,0.00
1427,12170,1,0.00
1427,12195,1,0.00
1427,12213,1,0.00
1427,12219,1,0.00
1427,12233,1,0.00
1427,12244,1,0.00
1427,12277,1,0.00
1427,12284,1,0.00
1427,12302,1,0.00
1427,12348,1,0.00
1427,12357,1,0.00
1427,12371,1,0.00
1427,12387,1,0.00
1427,12404,1,0.00
1427,12419,1,0.00
1427,12436,1,0.00
1427,12440,1,0.00
1427,12479,1,0.00
1427,12484,1,0.00
1427,61692,1,0.00
1427,61693,1,0.00
1427,61711,1,0.00
1427,61712,1,0.00
1427,61713,1,0.00
1427,61714,1,0.00
1427,61715,1,0.00
1427,61716,1,0.00
1427,61717,1,0.00
1427,61718,1,0.00
1427,61719,1,0.00
1427,61720,1,0.00
1427,61721,1,0.00
1427,61722,1,0.00
1427,61723,1,0.00
1427,61724,1,0.00
1427,61725,1,0.00
1427,61726,1,0.00
1427,61727,1,0.00
1427,61728,1,0.00
1427,61729,1,0.00
1427,61730,1,0.00
1427,61731,1,0.00
1427,61732,1,0.00
1427,61733,1,0.00
1427,61734,1,0.00
1427,61735,1,0.00
1427,61736,1,0.00
1427,61737,1,0.00
1427,61738,1,0.00
1427,61739,1,0.00
1427,61740,1,0.00
1427,61742,1,0.00
1427,61743,1,0.00
1427,61744,1,0.00
1427,61745,1,0.00
1427,61746,1,0.00
1427,61747,1,0.00
1427,61748,1,0.00
1427,61749,1,0.00
1427,61750,1,0.00
1427,61751,1,0.00
1427,61752,1,0.00
1427,61753,1,0.00
1427,61754,1,0.00
1427,61755,1,0.00
1427,61756,1,0.00
1427,61757,1,0.00
1427,61758,1,0.00
1427,61759,1,0.00
1427,61760,1,0.00
1427,61761,1,0.00
1427,61762,1,0.00
1427,61763,1,0.00
1427,61764,1,0.00
1427,61765,1,0.00
1427,61766,1,0.00
1427,61767,1,0.00
1427,61768,1,0.00
1427,61769,1,0.00
1427,61770,1,0.00
1427,61771,1,0.00
1427,96951,1,0.00
1427,96976,1,0.00
1427,97728,1,0.00
1427,98784,1,0.00
1427,98799,1,0.00
1427,102054,1,0.00
1427,102071,1,0.00
1427,103445,1,0.00
1427,103446,1,0.00
1427,103462,1,0.00
1427,103463,1,0.00
1427,103465,1,0.00
1427,103466,1,0.00
1427,103471,1,0.00
1427,103472,1,0.00
1427,103477,1,0.00
1427,103478,1,0.00
1427,103492,1,0.00
1427,144104,1,0.00
1427,144105,1,0.00
1427,144112,1,0.00
1427,144113,1,0.00
1427,144125,1,0.00
1427,144126,1,0.00
1475,10012,1,0.00
1475,10098,1,0.00
1475,10139,1,0.00
1475,10170,1,0.00
1475,10189,1,0.00
1475,10205,1,0.00
1475,10230,1,0.00
1475,10241,1,0.00
1475,10252,1,0.00
1475,10271,1,0.00
1475,10289,1,0.00
1475,10320,1,0.00
1475,10333,1,0.00
1475,10356,1,0.00
1475,10379,1,0.00
1475,10393,1,0.00
1475,10421,1,0.00
1475,10432,1,0.00
1475,10445,1,0.00
1475,10458,1,0.00
1475,10484,1,0.00
1475,10501,1,0.00
1475,10504,1,0.00
1475,10533,1,0.00
1475,10552,1,0.00
1475,10605,1,0.00
1475,10662,1,0.00
1475,10678,1,0.00
1475,10704,1,0.00
1475,10734,1,0.00
1475,10757,1,0.00
1475,10813,1,0.00
1475,10838,1,0.00
1475,10866,1,0.00
1475,10879,1,0.00
1475,10901,1,0.00
1475,10923,1,0.00
1475,10939,1,0.00
1475,10964,1,0.00
1475,10983,1,0.00
1475,11003,1,0.00
1475,11009,1,0.00
1475,11053,1,0.00
1475,11061,1,0.00
1475,11072,1,0.00
1475,11075,1,0.00
1475,11100,1,0.00
1475,11117,1,0.00
1475,11138,1,0.00
1475,11143,1,0.00
1475,11172,1,0.00
1475,11192,1,0.00
1475,11209,1,0.00
1475,11215,1,0.00
1475,11245,1,0.00
1475,11268,1,0.00
1475,11310,1,0.00
1475,11347,1,0.00
1475,11359,1,0.00
1475,11416,1,0.00
1475,11421,1,0.00
1475,11481,1,0.00
1475,11506,1,0.00
1475,11522,1,0.00
1475,11540,1,0.00
1475,11544,1,0.00
1475,11572,1,0.00
1475,11593,1,0.00
1475,11607,1,0.00
1475,11614,1,0.00
1475,11642,1,0.00
1475,11644,1,0.00
1475,11668,1,0.00
1475,11674,1,0.00
1475,11700,1,0.00
1475,11707,1,0.00
1475,11739,1,0.00
1475,11759,1,0.00
1475,11775,1,0.00
1475,11780,1,0.00
1475,11794,1,0.00
1475,11809,1,0.00
1475,11826,1,0.00
1475,11841,1,0.00
1475,11846,1,0.00
1475,11878,1,0.00
1475,11898,1,0.00
1475,11917,1,0.00
1475,11919,1,0.00
1475,11928,1,0.00
1475,11946,1,0.00
1475,11959,1,0.00
1475,11980,1,0.00
1475,11989,1,0.00
1475,12011,1,0.00
1475,12028,1,0.00
1475,12051,1,0.00
1475,12077,1,0.00
1475,12092,1,0.00
1475,12112,1,0.00
1475,12113,1,0.00
1475,12122,1,0.00
1475,12148,1,0.00
1475,12156,1,0.00
1475,12170,1,0.00
1475,12195,1,0.00
1475,12213,1,0.00
1475,12219,1,0.00
1475,12233,1,0.00
1475,12244,1,0.00
1475,12277,1,0.00
1475,12284,1,0.00
1475,12302,1,0.00
1475,12348,1,0.00
1475,12357,1,0.00
1475,12371,1,0.00
1475,12387,1,0.00
1475,12404,1,0.00
1475,12419,1,0.00
1475,12436,1,0.00
1475,12440,1,0.00
1475,12479,1,0.00
1475,12484,1,0.00
1475,61692,1,0.00
1475,61693,1,0.00
1475,61711,1,0.00
1475,61712,1,0.00
1475,61713,1,0.00
1475,61714,1,0.00
1475,61715,1,0.00
1475,61716,1,0.00
1475,61717,1,0.00
1475,61718,1,0.00
1475,61719,1,0.00
1475,61720,1,0.00
1475,61721,1,0.00
1475,61722,1,0.00
1475,61723,1,0.00
1475,61724,1,0.00
1475,61725,1,0.00
1475,61726,1,0.00
1475,61727,1,0.00
1475,61728,1,0.00
1475,61729,1,0.00
1475,61730,1,0.00
1475,61731,1,0.00
1475,61732,1,0.00
1475,61733,1,0.00
1475,61734,1,0.00
1475,61735,1,0.00
1475,61736,1,0.00
1475,61737,1,0.00
1475,61738,1,0.00
1475,61739,1,0.00
1475,61740,1,0.00
1475,61742,1,0.00
1475,61743,1,0.00
1475,61744,1,0.00
1475,61745,1,0.00
1475,61746,1,0.00
1475,61747,1,0.00
1475,61748,1,0.00
1475,61749,1,0.00
1475,61750,1,0.00
1475,61751,1,0.00
1475,61752,1,0.00
1475,61753,1,0.00
1475,61754,1,0.00
1475,61755,1,0.00
1475,61756,1,0.00
1475,61757,1,0.00
1475,61758,1,0.00
1475,61759,1,0.00
1475,61760,1,0.00
1475,61761,1,0.00
1475,61762,1,0.00
1475,61763,1,0.00
1475,61764,1,0.00
1475,61765,1,0.00
1475,61766,1,0.00
1475,61767,1,0.00
1475,61768,1,0.00
1475,61769,1,0.00
1475,61770,1,0.00
1475,61771,1,0.00
1475,96812,1,0.00
1475,96890,1,0.00
1475,97485,1,0.00
1475,98784,1,0.00
1475,98799,1,0.00
1475,99316,1,0.00
1475,99377,1,0.00
1475,102054,1,0.00
1475,102071,1,0.00
1568,10012,1,0.00
1568,10086,1,0.00
1568,10098,1,0.00
1568,10139,1,0.00
1568,10147,1,0.00
1568,10166,1,0.00
1568,10170,1,0.00
1568,10189,1,0.00
1568,10205,1,0.00
1568,10232,1,0.00
1568,10241,1,0.00
1568,10271,1,0.00
1568,10288,1,0.00
1568,10311,1,0.00
1568,10321,1,0.00
1568,10359,1,0.00
1568,10379,1,0.00
1568,10393,1,0.00
1568,10420,1,0.00
1568,10442,1,0.00
1568,10458,1,0.00
1568,10483,1,0.00
1568,10501,1,0.00
1568,10533,1,0.00
1568,10552,1,0.00
1568,10577,1,0.00
1568,10605,1,0.00
1568,10635,1,0.00
1568,10662,1,0.00
1568,10678,1,0.00
1568,10703,1,0.00
1568,10713,1,0.00
1568,10734,1,0.00
1568,10735,1,0.00
1568,10779,1,0.00
1568,10785,1,0.00
1568,10814,1,0.00
1568,10838,1,0.00
1568,10879,1,0.00
1568,10901,1,0.00
1568,10923,1,0.00
1568,10939,1,0.00
1568,10964,1,0.00
1568,10983,1,0.00
1568,11003,1,0.00
1568,11009,1,0.00
1568,11053,1,0.00
1568,11061,1,0.00
1568,11072,1,0.00
1568,11075,1,0.00
1568,11100,1,0.00
1568,11115,1,0.00
1568,11138,1,0.00
1568,11142,1,0.00
1568,11172,1,0.00
1568,11192,1,0.00
1568,11209,1,0.00
1568,11214,1,0.00
1568,11245,1,0.00
1568,11268,1,0.00
1568,11310,1,0.00
1568,11347,1,0.00
1568,11359,1,0.00
1568,11384,1,0.00
1568,11416,1,0.00
1568,11422,1,0.00
1568,11470,1,0.00
1568,11481,1,0.00
1568,11506,1,0.00
1568,11540,1,0.00
1568,11544,1,0.00
1568,11572,1,0.00
1568,11593,1,0.00
1568,11607,1,0.00
1568,11615,1,0.00
1568,11642,1,0.00
1568,11644,1,0.00
1568,11668,1,0.00
1568,11674,1,0.00
1568,11700,1,0.00
1568,11707,1,0.00
1568,11739,1,0.00
1568,11759,1,0.00
1568,11775,1,0.00
1568,11780,1,0.00
1568,11792,1,0.00
1568,11809,1,0.00
1568,11826,1,0.00
1568,11841,1,0.00
1568,11846,1,0.00
1568,11878,1,0.00
1568,11897,1,0.00
1568,11917,1,0.00
1568,11919,1,0.00
1568,11928,1,0.00
1568,11946,1,0.00
1568,11959,1,0.00
1568,11979,1,0.00
1568,11989,1,0.00
1568,12011,1,0.00
1568,12028,1,0.00
1568,12051,1,0.00
1568,12077,1,0.00
1568,12092,1,0.00
1568,12112,1,0.00
1568,12113,1,0.00
1568,12122,1,0.00
1568,12148,1,0.00
1568,12156,1,0.00
1568,12170,1,0.00
1568,12195,1,0.00
1568,12213,1,0.00
1568,12219,1,0.00
1568,12233,1,0.00
1568,12244,1,0.00
1568,12277,1,0.00
1568,12284,1,0.00
1568,12302,1,0.00
1568,12348,1,0.00
1568,12357,1,0.00
1568,12371,1,0.00
1568,12387,1,0.00
1568,12404,1,0.00
1568,12419,1,0.00
1568,12436,1,0.00
1568,12440,1,0.00
1568,12479,1,0.00
1568,12484,1,0.00
1568,61692,1,0.00
1568,61693,1,0.00
1568,61711,1,0.00
1568,61712,1,0.00
1568,61713,1,0.00
1568,61714,1,0.00
1568,61715,1,0.00
1568,61716,1,0.00
1568,61717,1,0.00
1568,61718,1,0.00
1568,61719,1,0.00
1568,61720,1,0.00
1568,61721,1,0.00
1568,61722,1,0.00
1568,61723,1,0.00
1568,61724,1,0.00
1568,61725,1,0.00
1568,61726,1,0.00
1568,61727,1,0.00
1568,61728,1,0.00
1568,61729,1,0.00
1568,61730,1,0.00
1568,61731,1,0.00
1568,61732,1,0.00
1568,61733,1,0.00
1568,61734,1,0.00
1568,61735,1,0.00
1568,61736,1,0.00
1568,61737,1,0.00
1568,61738,1,0.00
1568,61739,1,0.00
1568,61740,1,0.00
1568,61742,1,0.00
1568,61743,1,0.00
1568,61744,1,0.00
1568,61745,1,0.00
1568,61746,1,0.00
1568,61747,1,0.00
1568,61748,1,0.00
1568,61749,1,0.00
1568,61750,1,0.00
1568,61751,1,0.00
1568,61752,1,0.00
1568,61753,1,0.00
1568,61754,1,0.00
1568,61755,1,0.00
1568,61756,1,0.00
1568,61757,1,0.00
1568,61758,1,0.00
1568,61759,1,0.00
1568,61760,1,0.00
1568,61761,1,0.00
1568,61762,1,0.00
1568,61763,1,0.00
1568,61764,1,0.00
1568,61765,1,0.00
1568,61766,1,0.00
1568,61767,1,0.00
1568,61768,1,0.00
1568,61769,1,0.00
1568,61770,1,0.00
1568,61771,1,0.00
1568,96951,1,0.00
1568,96976,1,0.00
1568,97728,1,0.00
1568,98784,1,0.00
1568,98799,1,0.00
1568,102054,1,0.00
1568,102071,1,0.00
1568,103445,1,0.00
1568,103446,1,0.00
1568,103462,1,0.00
1568,103463,1,0.00
1568,103465,1,0.00
1568,103466,1,0.00
1568,103471,1,0.00
1568,103472,1,0.00
1568,103477,1,0.00
1568,103478,1,0.00
1568,103492,1,0.00
1568,144104,1,0.00
1568,144105,1,0.00
1568,144112,1,0.00
1568,144113,1,0.00
1568,144125,1,0.00
1568,144126,1,0.00
2126,10012,1,0.00
2126,10098,1,0.00
2126,10139,1,0.00
2126,10170,1,0.00
2126,10189,1,0.00
2126,10205,1,0.00
2126,10230,1,0.00
2126,10241,1,0.00
2126,10252,1,0.00
2126,10271,1,0.00
2126,10289,1,0.00
2126,10320,1,0.00
2126,10333,1,0.00
2126,10356,1,0.00
2126,10379,1,0.00
2126,10393,1,0.00
2126,10421,1,0.00
2126,10432,1,0.00
2126,10445,1,0.00
2126,10458,1,0.00
2126,10484,1,0.00
2126,10501,1,0.00
2126,10504,1,0.00
2126,10533,1,0.00
2126,10552,1,0.00
2126,10605,1,0.00
2126,10662,1,0.00
2126,10678,1,0.00
2126,10704,1,0.00
2126,10734,1,0.00
2126,10757,1,0.00
2126,10813,1,0.00
2126,10838,1,0.00
2126,10866,1,0.00
2126,10879,1,0.00
2126,10901,1,0.00
2126,10923,1,0.00
2126,10939,1,0.00
2126,10964,1,0.00
2126,10983,1,0.00
2126,11003,1,0.00
2126,11009,1,0.00
2126,11053,1,0.00
2126,11061,1,0.00
2126,11072,1,0.00
2126,11075,1,0.00
2126,11100,1,0.00
2126,11117,1,0.00
2126,11138,1,0.00
2126,11143,1,0.00
2126,11172,1,0.00
2126,11192,1,0.00
2126,11209,1,0.00
2126,11215,1,0.00
2126,11245,1,0.00
2126,11268,1,0.00
2126,11310,1,0.00
2126,11347,1,0.00
2126,11359,1,0.00
2126,11416,1,0.00
2126,11421,1,0.00
2126,11481,1,0.00
2126,11506,1,0.00
2126,11522,1,0.00
2126,11540,1,0.00
2126,11544,1,0.00
2126,11572,1,0.00
2126,11593,1,0.00
2126,11607,1,0.00
2126,11614,1,0.00
2126,11642,1,0.00
2126,11644,1,0.00
2126,11668,1,0.00
2126,11674,1,0.00
2126,11700,1,0.00
2126,11707,1,0.00
2126,11739,1,0.00
2126,11759,1,0.00
2126,11775,1,0.00
2126,11780,1,0.00
2126,11794,1,0.00
2126,11809,1,0.00
2126,11826,1,0.00
2126,11841,1,0.00
2126,11846,1,0.00
2126,11878,1,0.00
2126,11898,1,0.00
2126,11917,1,0.00
2126,11919,1,0.00
2126,11928,1,0.00
2126,11946,1,0.00
2126,11959,1,0.00
2126,11980,1,0.00
2126,11989,1,0.00
2126,12011,1,0.00
2126,12028,1,0.00
2126,12051,1,0.00
2126,12077,1,0.00
2126,12092,1,0.00
2126,12112,1,0.00
2126,12113,1,0.00
2126,12122,1,0.00
2126,12148,1,0.00
2126,12156,1,0.00
2126,12170,1,0.00
2126,12195,1,0.00
2126,12213,1,0.00
2126,12219,1,0.00
2126,12233,1,0.00
2126,12244,1,0.00
2126,12277,1,0.00
2126,12284,1,0.00
2126,12302,1,0.00
2126,12348,1,0.00
2126,12357,1,0.00
2126,12371,1,0.00
2126,12387,1,0.00
2126,12404,1,0.00
2126,12419,1,0.00
2126,12436,1,0.00
2126,12440,1,0.00
2126,12479,1,0.00
2126,12484,1,0.00
2126,61692,1,0.00
2126,61693,1,0.00
2126,61711,1,0.00
2126,61712,1,0.00
2126,61713,1,0.00
2126,61714,1,0.00
2126,61715,1,0.00
2126,61716,1,0.00
2126,61717,1,0.00
2126,61718,1,0.00
2126,61719,1,0.00
2126,61720,1,0.00
2126,61721,1,0.00
2126,61722,1,0.00
2126,61723,1,0.00
2126,61724,1,0.00
2126,61725,1,0.00
2126,61726,1,0.00
2126,61727,1,0.00
2126,61728,1,0.00
2126,61729,1,0.00
2126,61730,1,0.00
2126,61731,1,0.00
2126,61732,1,0.00
2126,61733,1,0.00
2126,61734,1,0.00
2126,61735,1,0.00
2126,61736,1,0.00
2126,61737,1,0.00
2126,61738,1,0.00
2126,61739,1,0.00
2126,61740,1,0.00
2126,61742,1,0.00
2126,61743,1,0.00
2126,61744,1,0.00
2126,61745,1,0.00
2126,61746,1,0.00
2126,61747,1,0.00
2126,61748,1,0.00
2126,61749,1,0.00
2126,61750,1,0.00
2126,61751,1,0.00
2126,61752,1,0.00
2126,61753,1,0.00
2126,61754,1,0.00
2126,61755,1,0.00
2126,61756,1,0.00
2126,61757,1,0.00
2126,61758,1,0.00
2126,61759,1,0.00
2126,61760,1,0.00
2126,61761,1,0.00
2126,61762,1,0.00
2126,61763,1,0.00
2126,61764,1,0.00
2126,61765,1,0.00
2126,61766,1,0.00
2126,61767,1,0.00
2126,61768,1,0.00
2126,61769,1,0.00
2126,61770,1,0.00
2126,61771,1,0.00
2126,96812,1,0.00
2126,96890,1,0.00
2126,97485,1,0.00
2126,98784,1,0.00
2126,98799,1,0.00
2126,99316,1,0.00
2126,99377,1,0.00
2126,102054,1,0.00
2126,102071,1,0.00
2224,10012,1,0.00
2224,10086,1,0.00
2224,10098,1,0.00
2224,10139,1,0.00
2224,10147,1,0.00
2224,10166,1,0.00
2224,10170,1,0.00
2224,10189,1,0.00
2224,10205,1,0.00
2224,10232,1,0.00
2224,10241,1,0.00
2224,10271,1,0.00
2224,10288,1,0.00
2224,10311,1,0.00
2224,10321,1,0.00
2224,10359,1,0.00
2224,10379,1,0.00
2224,10393,1,0.00
2224,10420,1,0.00
2224,10442,1,0.00
2224,10458,1,0.00
2224,10483,1,0.00
2224,10501,1,0.00
2224,10533,1,0.00
2224,10552,1,0.00
2224,10577,1,0.00
2224,10605,1,0.00
2224,10635,1,0.00
2224,10662,1,0.00
2224,10678,1,0.00
2224,10703,1,0.00
2224,10713,1,0.00
2224,10734,1,0.00
2224,10735,1,0.00
2224,10779,1,0.00
2224,10785,1,0.00
2224,10814,1,0.00
2224,10838,1,0.00
2224,10879,1,0.00
2224,10901,1,0.00
2224,10923,1,0.00
2224,10939,1,0.00
2224,10964,1,0.00
2224,10983,1,0.00
2224,11003,1,0.00
2224,11009,1,0.00
2224,11053,1,0.00
2224,11061,1,0.00
2224,11072,1,0.00
2224,11075,1,0.00
2224,11100,1,0.00
2224,11115,1,0.00
2224,11138,1,0.00
2224,11142,1,0.00
2224,11172,1,0.00
2224,11192,1,0.00
2224,11209,1,0.00
2224,11214,1,0.00
2224,11245,1,0.00
2224,11268,1,0.00
2224,11310,1,0.00
2224,11347,1,0.00
2224,11359,1,0.00
2224,11384,1,0.00
2224,11416,1,0.00
2224,11422,1,0.00
2224,11470,1,0.00
2224,11481,1,0.00
2224,11506,1,0.00
2224,11540,1,0.00
2224,11544,1,0.00
2224,11572,1,0.00
2224,11593,1,0.00
2224,11607,1,0.00
2224,11615,1,0.00
2224,11642,1,0.00
2224,11644,1,0.00
2224,11668,1,0.00
2224,11674,1,0.00
2224,11700,1,0.00
2224,11707,1,0.00
2224,11739,1,0.00
2224,11759,1,0.00
2224,11775,1,0.00
2224,11780,1,0.00
2224,11792,1,0.00
2224,11809,1,0.00
2224,11826,1,0.00
2224,11841,1,0.00
2224,11846,1,0.00
2224,11878,1,0.00
2224,11897,1,0.00
2224,11917,1,0.00
2224,11919,1,0.00
2224,11928,1,0.00
2224,11946,1,0.00
2224,11959,1,0.00
2224,11979,1,0.00
2224,11989,1,0.00
2224,12011,1,0.00
2224,12028,1,0.00
2224,12051,1,0.00
2224,12077,1,0.00
2224,12092,1,0.00
2224,12112,1,0.00
2224,12113,1,0.00
2224,12122,1,0.00
2224,12148,1,0.00
2224,12156,1,0.00
2224,12170,1,0.00
2224,12195,1,0.00
2224,12213,1,0.00
2224,12219,1,0.00
2224,12233,1,0.00
2224,12244,1,0.00
2224,12277,1,0.00
2224,12284,1,0.00
2224,12302,1,0.00
2224,12348,1,0.00
2224,12357,1,0.00
2224,12371,1,0.00
2224,12387,1,0.00
2224,12404,1,0.00
2224,12419,1,0.00
2224,12436,1,0.00
2224,12440,1,0.00
2224,12479,1,0.00
2224,12484,1,0.00
2224,61692,1,0.00
2224,61693,1,0.00
2224,61711,1,3782.52
2224,61712,1,3782.52
2224,61713,1,3782.52
2224,61714,1,3782.52
2224,61715,1,3782.52
2224,61716,1,3782.52
2224,61717,1,3782.52
2224,61718,1,3782.52
2224,61719,1,3782.52
2224,61720,1,3782.52
2224,61721,1,3782.52
2224,61722,1,3782.52
2224,61723,1,3782.52
2224,61724,1,3782.52
2224,61725,1,3782.52
2224,61726,1,0.00
2224,61727,1,0.00
2224,61728,1,0.00
2224,61729,1,0.00
2224,61730,1,0.00
2224,61731,1,0.00
2224,61732,1,0.00
2224,61733,1,0.00
2224,61734,1,0.00
2224,61735,1,0.00
2224,61736,1,0.00
2224,61737,1,0.00
2224,61738,1,0.00
2224,61739,1,0.00
2224,61740,1,0.00
2224,61742,1,0.00
2224,61743,1,0.00
2224,61744,1,0.00
2224,61745,1,0.00
2224,61746,1,0.00
2224,61747,1,0.00
2224,61748,1,0.00
2224,61749,1,0.00
2224,61750,1,0.00
2224,61751,1,0.00
2224,61752,1,0.00
2224,61753,1,0.00
2224,61754,1,0.00
2224,61755,1,0.00
2224,61756,1,3782.52
2224,61757,1,3782.52
2224,61758,1,3782.52
2224,61759,1,3782.52
2224,61760,1,3782.52
2224,61761,1,3782.52
2224,61762,1,3782.52
2224,61763,1,3782.52
2224,61764,1,3782.52
2224,61765,1,3782.52
2224,61766,1,3782.52
2224,61767,1,3782.52
2224,61768,1,3782.52
2224,61769,1,3782.52
2224,61770,1,3782.52
2224,61771,1,0.00
2224,96951,1,0.00
2224,96976,1,0.00
2224,97728,1,0.00
2224,98784,1,0.00
2224,98799,1,0.00
2224,102054,1,0.00
2224,102071,1,0.00
2224,103445,1,0.00
2224,103446,1,0.00
2224,103462,1,0.00
2224,103463,1,0.00
2224,103465,1,0.00
2224,103466,1,0.00
2224,103471,1,0.00
2224,103472,1,0.00
2224,103477,1,0.00
2224,103478,1,0.00
2224,103492,1,0.00
2224,144104,1,0.00
2224,144105,1,0.00
2224,144112,1,0.00
2224,144113,1,0.00
2224,144125,1,0.00
2224,144126,1,0.00
2227,10012,1,0.00
2227,10086,1,0.00
2227,10098,1,0.00
2227,10139,1,0.00
2227,10147,1,0.00
2227,10166,1,0.00
2227,10170,1,0.00
2227,10189,1,0.00
2227,10205,1,0.00
2227,10232,1,0.00
2227,10241,1,0.00
2227,10271,1,0.00
2227,10288,1,0.00
2227,10311,1,0.00
2227,10321,1,0.00
2227,10359,1,0.00
2227,10379,1,0.00
2227,10393,1,0.00
2227,10420,1,0.00
2227,10442,1,0.00
2227,10458,1,0.00
2227,10483,1,0.00
2227,10501,1,0.00
2227,10533,1,0.00
2227,10552,1,0.00
2227,10577,1,0.00
2227,10605,1,0.00
2227,10635,1,0.00
2227,10662,1,0.00
2227,10678,1,0.00
2227,10703,1,0.00
2227,10713,1,0.00
2227,10734,1,0.00
2227,10735,1,0.00
2227,10779,1,0.00
2227,10785,1,0.00
2227,10814,1,0.00
2227,10838,1,0.00
2227,10879,1,0.00
2227,10901,1,0.00
2227,10923,1,0.00
2227,10939,1,0.00
2227,10964,1,0.00
2227,10983,1,0.00
2227,11003,1,0.00
2227,11009,1,0.00
2227,11053,1,0.00
2227,11061,1,0.00
2227,11072,1,0.00
2227,11075,1,0.00
2227,11100,1,0.00
2227,11115,1,0.00
2227,11138,1,0.00
2227,11142,1,0.00
2227,11172,1,0.00
2227,11192,1,0.00
2227,11209,1,0.00
2227,11214,1,0.00
2227,11245,1,0.00
2227,11268,1,0.00
2227,11310,1,0.00
2227,11347,1,0.00
2227,11359,1,0.00
2227,11384,1,0.00
2227,11416,1,0.00
2227,11422,1,0.00
2227,11470,1,0.00
2227,11481,1,0.00
2227,11506,1,0.00
2227,11540,1,0.00
2227,11544,1,0.00
2227,11572,1,0.00
2227,11593,1,0.00
2227,11607,1,0.00
2227,11615,1,0.00
2227,11642,1,3593.39
2227,11644,1,3593.39
2227,11668,1,3593.39
2227,11674,1,3593.39
2227,11700,1,3593.39
2227,11707,1,3593.39
2227,11739,1,3593.39
2227,11759,1,3593.39
2227,11775,1,3593.39
2227,11780,1,3593.39
2227,11792,1,3593.39
2227,11794,0,3593.39
2227,11809,1,3593.39
2227,11826,1,3593.39
2227,11841,1,3593.39
2227,11846,1,3593.39
2227,11878,1,3593.39
2227,11897,1,3593.39
2227,11898,0,3593.39
2227,11917,1,3593.39
2227,11919,1,3593.39
2227,11928,1,3593.39
2227,11946,1,3593.39
2227,11959,1,3593.39
2227,11979,1,3593.39
2227,11980,0,3593.39
2227,11989,1,3593.39
2227,12011,1,3593.39
2227,12028,1,3593.39
2227,12051,1,3593.39
2227,12077,1,3593.39
2227,12092,1,3593.39
2227,12112,1,3593.39
2227,12113,1,3593.39
2227,12122,1,3593.39
2227,12148,1,3593.39
2227,12156,1,3593.39
2227,12170,1,3593.39
2227,12195,1,3593.39
2227,12213,1,3593.39
2227,12219,1,3593.39
2227,12233,1,3593.39
2227,12244,1,3593.39
2227,12277,1,3593.39
2227,12284,1,3593.39
2227,12302,1,3593.39
2227,12348,1,3593.39
2227,12357,1,3593.39
2227,12371,1,3593.39
2227,12387,1,3593.39
2227,12404,1,3593.39
2227,12419,1,3593.39
2227,12436,1,3593.39
2227,12440,1,3593.39
2227,12479,1,3593.39
2227,12484,1,3593.39
2227,61692,1,3593.39
2227,61693,1,3593.39
2227,61711,1,3593.39
2227,61712,1,3593.39
2227,61713,1,3593.39
2227,61714,1,3593.39
2227,61715,1,3593.39
2227,61716,1,3593.39
2227,61717,1,3593.39
2227,61718,1,3593.39
2227,61719,1,3593.39
2227,61720,1,3593.39
2227,61721,1,3593.39
2227,61722,1,3593.39
2227,61723,1,3593.39
2227,61724,1,3593.39
2227,61725,1,3593.39
2227,61726,1,3593.39
2227,61727,1,3593.39
2227,61728,1,3593.39
2227,61729,1,3593.39
2227,61730,1,3593.39
2227,61731,1,3593.39
2227,61732,1,3593.39
2227,61733,1,3593.39
2227,61734,1,3593.39
2227,61735,1,3593.39
2227,61736,1,3593.39
2227,61737,1,3593.39
2227,61738,1,3593.39
2227,61739,1,3593.39
2227,61740,1,3593.39
2227,61742,1,0.00
2227,61743,1,0.00
2227,61744,1,0.00
2227,61745,1,0.00
2227,61746,1,0.00
2227,61747,1,0.00
2227,61748,1,0.00
2227,61749,1,0.00
2227,61750,1,0.00
2227,61751,1,0.00
2227,61752,1,0.00
2227,61753,1,0.00
2227,61754,1,0.00
2227,61755,1,0.00
2227,61756,1,3593.39
2227,61757,1,3593.39
2227,61758,1,3593.39
2227,61759,1,3593.39
2227,61760,1,3593.39
2227,61761,1,3593.39
2227,61762,1,3593.39
2227,61763,1,3593.39
2227,61764,1,3593.39
2227,61765,1,3593.39
2227,61766,1,3593.39
2227,61767,1,3593.39
2227,61768,1,3593.39
2227,61769,1,3593.39
2227,61770,1,3593.39
2227,61771,1,0.00
2227,96951,1,0.00
2227,96976,1,0.00
2227,97728,1,0.00
2227,98784,1,3593.39
2227,98799,1,3593.39
2227,102054,1,3593.39
2227,102071,1,3593.39
2227,103445,1,3593.39
2227,103446,1,3593.39
2227,103462,1,0.00
2227,103463,1,3593.39
2227,103465,1,0.00
2227,103466,1,3593.39
2227,103471,1,3593.39
2227,103472,1,3593.39
2227,103477,1,3593.39
2227,103478,1,3593.39
2227,103492,1,3593.39
2227,144104,1,0.00
2227,144105,1,0.00
2227,144112,1,0.00
2227,144113,1,0.00
2227,144125,1,0.00
2227,144126,1,0.00
2229,10012,1,6339.77
2229,10086,0,3413.72
2229,10098,1,3413.72
2229,10139,1,6339.77
2229,10170,1,0.00
2229,10189,1,3413.72
2229,10205,1,6339.77
2229,10230,1,0.00
2229,10241,1,6339.77
2229,10252,1,0.00
2229,10271,1,3413.72
2229,10289,1,3413.72
2229,10320,1,0.00
2229,10333,1,0.00
2229,10356,1,0.00
2229,10359,0,6339.77
2229,10379,1,0.00
2229,10393,1,6339.77
2229,10421,1,3413.72
2229,10432,1,0.00
2229,10445,1,3413.72
2229,10458,1,0.00
2229,10483,0,3413.72
2229,10484,1,6339.77
2229,10501,1,6339.77
2229,10504,1,0.00
2229,10533,1,3413.72
2229,10552,1,3413.72
2229,10605,1,3413.72
2229,10635,0,6339.77
2229,10662,1,3413.72
2229,10678,1,6339.77
2229,10704,1,0.00
2229,10734,1,-2926.05
2229,10735,0,-6339.77
2229,10757,1,-2926.05
2229,10779,0,-2926.05
2229,10785,0,-6339.77
2229,10813,1,0.00
2229,10838,1,6339.77
2229,10866,1,0.00
2229,10879,1,3413.72
2229,10901,1,0.00
2229,10923,1,6339.77
2229,10939,1,6339.77
2229,10964,1,3413.72
2229,10983,1,0.00
2229,11003,1,3413.72
2229,11009,1,0.00
2229,11053,1,0.00
2229,11061,1,6339.77
2229,11072,1,0.00
2229,11075,1,6339.77
2229,11100,1,3413.72
2229,11117,1,0.00
2229,11138,1,6339.77
2229,11143,1,0.00
2229,11172,1,3413.72
2229,11192,1,0.00
2229,11209,1,3413.72
2229,11214,0,3413.72
2229,11215,1,3413.72
2229,11245,1,6339.77
2229,11268,1,6339.77
2229,11310,1,3413.72
2229,11347,1,6339.77
2229,11359,1,6339.77
2229,11384,0,3413.72
2229,11416,1,3413.72
2229,11421,1,0.00
2229,11470,0,6339.77
2229,11481,1,6339.77
2229,11506,1,3413.72
2229,11522,1,0.00
2229,11540,1,6339.77
2229,11544,1,0.00
2229,11572,1,3413.72
2229,11593,1,0.00
2229,11607,1,3413.72
2229,11614,1,0.00
2229,11642,1,0.00
2229,11644,1,3413.72
2229,11668,1,6339.77
2229,11674,1,0.00
2229,11700,1,0.00
2229,11707,1,3413.72
2229,11739,1,3413.72
2229,11759,1,0.00
2229,11775,1,6339.77
2229,11780,1,0.00
2229,11794,1,0.00
2229,11809,1,3413.72
2229,11826,1,0.00
2229,11841,1,3413.72
2229,11846,1,0.00
2229,11878,1,3413.72
2229,11898,1,0.00
2229,11917,1,6339.77
2229,11919,1,0.00
2229,11928,1,0.00
2229,11946,1,3413.72
2229,11959,1,6339.77
2229,11980,1,0.00
2229,11989,1,6339.77
2229,12011,1,3413.72
2229,12028,1,3413.72
2229,12051,1,0.00
2229,12077,1,3413.72
2229,12092,1,0.00
2229,12112,1,6339.77
2229,12113,1,0.00
2229,12122,1,0.00
2229,12148,1,3413.72
2229,12156,1,3413.72
2229,12170,1,0.00
2229,12195,1,6339.77
2229,12213,1,0.00
2229,12219,1,6339.77
2229,12233,1,6339.77
2229,12244,1,0.00
2229,12277,1,3413.72
2229,12284,1,3413.72
2229,12302,1,0.00
2229,12348,1,0.00
2229,12357,1,6339.77
2229,12371,1,6339.77
2229,12387,1,0.00
2229,12404,1,3413.72
2229,12419,1,0.00
2229,12436,1,6339.77
2229,12440,1,0.00
2229,12479,1,3413.72
2229,12484,1,0.00
2229,61692,1,6339.77
2229,61693,1,0.00
2229,61711,1,-6339.77
2229,61712,1,0.00
2229,61713,1,0.00
2229,61714,1,0.00
2229,61715,1,0.00
2229,61716,1,0.00
2229,61717,1,0.00
2229,61718,1,0.00
2229,61719,1,0.00
2229,61720,1,0.00
2229,61721,1,0.00
2229,61722,1,0.00
2229,61723,1,0.00
2229,61724,1,0.00
2229,61725,1,0.00
2229,61726,1,0.00
2229,61727,1,0.00
2229,61728,1,0.00
2229,61729,1,0.00
2229,61730,1,0.00
2229,61731,1,0.00
2229,61732,1,0.00
2229,61733,1,0.00
2229,61734,1,0.00
2229,61735,1,0.00
2229,61736,1,0.00
2229,61737,1,0.00
2229,61738,1,0.00
2229,61739,1,0.00
2229,61740,1,0.00
2229,61742,1,-6339.77
2229,61743,1,0.00
2229,61744,1,0.00
2229,61745,1,0.00
2229,61746,1,0.00
2229,61747,1,0.00
2229,61748,1,0.00
2229,61749,1,0.00
2229,61750,1,0.00
2229,61751,1,0.00
2229,61752,1,0.00
2229,61753,1,0.00
2229,61754,1,0.00
2229,61755,1,0.00
2229,61756,1,0.00
2229,61757,1,0.00
2229,61758,1,0.00
2229,61759,1,0.00
2229,61760,1,0.00
2229,61761,1,0.00
2229,61762,1,0.00
2229,61763,1,0.00
2229,61764,1,0.00
2229,61765,1,0.00
2229,61766,1,0.00
2229,61767,1,0.00
2229,61768,1,0.00
2229,61769,1,0.00
2229,61770,1,0.00
2229,61771,1,0.00
2229,96812,1,0.00
2229,96890,1,-6339.77
2229,97485,1,0.00
2229,98784,1,3413.72
2229,98799,1,0.00
2229,99316,1,0.00
2229,99377,1,3413.72
2229,102054,1,3413.72
2229,102071,1,0.00
2368,10012,1,0.00
2368,10098,1,0.00
2368,10139,1,0.00
2368,10170,1,0.00
2368,10189,1,0.00
2368,10205,1,0.00
2368,10230,1,0.00
2368,10241,1,0.00
2368,10252,1,0.00
2368,10271,1,0.00
2368,10289,1,0.00
2368,10320,1,0.00
2368,10333,1,0.00
2368,10356,1,0.00
2368,10379,1,0.00
2368,10393,1,0.00
2368,10421,1,0.00
2368,10432,1,0.00
2368,10445,1,0.00
2368,10458,1,0.00
2368,10484,1,0.00
2368,10501,1,0.00
2368,10504,1,0.00
2368,10533,1,0.00
2368,10552,1,0.00
2368,10605,1,0.00
2368,10662,1,0.00
2368,10678,1,0.00
2368,10704,1,0.00
2368,10734,1,0.00
2368,10757,1,0.00
2368,10813,1,0.00
2368,10838,1,0.00
2368,10866,1,0.00
2368,10879,1,0.00
2368,10901,1,0.00
2368,10923,1,0.00
2368,10939,1,0.00
2368,10964,1,0.00
2368,10983,1,0.00
2368,11003,1,0.00
2368,11009,1,0.00
2368,11053,1,0.00
2368,11061,1,0.00
2368,11072,1,0.00
2368,11075,1,0.00
2368,11100,1,0.00
2368,11117,1,0.00
2368,11138,1,0.00
2368,11143,1,0.00
2368,11172,1,0.00
2368,11192,1,0.00
2368,11209,1,0.00
2368,11215,1,0.00
2368,11245,1,0.00
2368,11268,1,0.00
2368,11310,1,0.00
2368,11347,1,0.00
2368,11359,1,0.00
2368,11416,1,0.00
2368,11421,1,0.00
2368,11481,1,0.00
2368,11506,1,0.00
2368,11522,1,0.00
2368,11540,1,0.00
2368,11544,1,0.00
2368,11572,1,0.00
2368,11593,1,0.00
2368,11607,1,0.00
2368,11614,1,0.00
2368,11642,1,0.00
2368,11644,1,0.00
2368,11668,1,0.00
2368,11674,1,0.00
2368,11700,1,0.00
2368,11707,1,0.00
2368,11739,1,0.00
2368,11759,1,0.00
2368,11775,1,0.00
2368,11780,1,0.00
2368,11794,1,0.00
2368,11809,1,0.00
2368,11826,1,0.00
2368,11841,1,0.00
2368,11846,1,0.00
2368,11878,1,0.00
2368,11898,1,0.00
2368,11917,1,0.00
2368,11919,1,0.00
2368,11928,1,0.00
2368,11946,1,0.00
2368,11959,1,0.00
2368,11980,1,0.00
2368,11989,1,0.00
2368,12011,1,0.00
2368,12028,1,0.00
2368,12051,1,0.00
2368,12077,1,0.00
2368,12092,1,0.00
2368,12112,1,0.00
2368,12113,1,0.00
2368,12122,1,0.00
2368,12148,1,0.00
2368,12156,1,0.00
2368,12170,1,0.00
2368,12195,1,0.00
2368,12213,1,0.00
2368,12219,1,0.00
2368,12233,1,0.00
2368,12244,1,0.00
2368,12277,1,0.00
2368,12284,1,0.00
2368,12302,1,0.00
2368,12348,1,0.00
2368,12357,1,0.00
2368,12371,1,0.00
2368,12387,1,0.00
2368,12404,1,0.00
2368,12419,1,0.00
2368,12436,1,0.00
2368,12440,1,0.00
2368,12479,1,0.00
2368,12484,1,0.00
2368,61692,1,0.00
2368,61693,1,0.00
2368,61711,1,0.00
2368,61712,1,0.00
2368,61713,1,0.00
2368,61714,1,0.00
2368,61715,1,0.00
2368,61716,1,0.00
2368,61717,1,0.00
2368,61718,1,0.00
2368,61719,1,0.00
2368,61720,1,0.00
2368,61721,1,0.00
2368,61722,1,0.00
2368,61723,1,0.00
2368,61724,1,0.00
2368,61725,1,0.00
2368,61726,1,0.00
2368,61727,1,0.00
2368,61728,1,0.00
2368,61729,1,0.00
2368,61730,1,0.00
2368,61731,1,0.00
2368,61732,1,0.00
2368,61733,1,0.00
2368,61734,1,0.00
2368,61735,1,0.00
2368,61736,1,0.00
2368,61737,1,0.00
2368,61738,1,0.00
2368,61739,1,0.00
2368,61740,1,0.00
2368,61742,1,0.00
2368,61743,1,0.00
2368,61744,1,0.00
2368,61745,1,0.00
2368,61746,1,0.00
2368,61747,1,0.00
2368,61748,1,0.00
2368,61749,1,0.00
2368,61750,1,0.00
2368,61751,1,0.00
2368,61752,1,0.00
2368,61753,1,0.00
2368,61754,1,0.00
2368,61755,1,0.00
2368,61756,1,0.00
2368,61757,1,0.00
2368,61758,1,0.00
2368,61759,1,0.00
2368,61760,1,0.00
2368,61761,1,0.00
2368,61762,1,0.00
2368,61763,1,0.00
2368,61764,1,0.00
2368,61765,1,0.00
2368,61766,1,0.00
2368,61767,1,0.00
2368,61768,1,0.00
2368,61769,1,0.00
2368,61770,1,0.00
2368,61771,1,0.00
2368,96812,1,0.00
2368,96890,1,0.00
2368,97485,1,0.00
2368,98784,1,0.00
2368,98799,1,0.00
2368,99316,1,0.00
2368,99377,1,0.00
2368,102054,1,0.00
2368,102071,1,0.00
2377,10012,1,-3080.89
2377,10086,0,3080.89
2377,10098,1,3080.89
2377,10139,1,3080.89
2377,10147,0,3080.89
2377,10166,0,3080.89
2377,10170,1,3080.89
2377,10189,1,3080.89
2377,10205,1,3080.89
2377,10230,1,3080.89
2377,10232,0,3080.89
2377,10241,1,0.00
2377,10252,1,0.00
2377,10271,1,3080.89
2377,10288,0,3080.89
2377,10289,1,3080.89
2377,10311,0,3080.89
2377,10320,1,3080.89
2377,10321,0,3080.89
2377,10333,1,-3080.89
2377,10356,1,-3080.89
2377,10359,0,-3080.89
2377,10379,1,-3080.89
2377,10393,1,-3080.89
2377,10420,0,-3080.89
2377,10421,1,-3080.89
2377,10432,1,-3080.89
2377,10442,0,-3080.89
2377,10445,1,-3080.89
2377,10458,1,-3080.89
2377,10483,0,-3080.89
2377,10484,1,-3080.89
2377,10501,1,-3080.89
2377,10504,1,-3080.89
2377,10533,1,3080.89
2377,10552,1,3080.89
2377,10577,0,3080.89
2377,10605,1,3080.89
2377,10635,0,3080.89
2377,10662,1,3080.89
2377,10678,1,3080.89
2377,10703,0,3080.89
2377,10704,1,3080.89
2377,10734,1,3080.89
2377,10757,1,3080.89
2377,10779,0,3080.89
2377,10785,0,3080.89
2377,10813,1,-3080.89
2377,10814,0,-3080.89
2377,10838,1,-3080.89
2377,10866,1,-3080.89
2377,10879,1,-3080.89
2377,10901,1,-3080.89
2377,10923,1,-3080.89
2377,10939,1,-3080.89
2377,10964,1,3080.89
2377,10983,1,3080.89
2377,11003,1,3080.89
2377,11009,1,3080.89
2377,11053,1,3080.89
2377,11061,1,3080.89
2377,11072,1,3080.89
2377,11075,1,3080.89
2377,11100,1,3080.89
2377,11115,0,3080.89
2377,11117,1,3080.89
2377,11138,1,3080.89
2377,11142,0,3080.89
2377,11143,1,3080.89
2377,11172,1,3080.89
2377,11192,1,3080.89
2377,11209,1,3080.89
2377,11214,0,3080.89
2377,11215,1,3080.89
2377,11245,1,-3080.89
2377,11268,1,-3080.89
2377,11310,1,-3080.89
2377,11347,1,-3080.89
2377,11359,1,-3080.89
2377,11384,0,3080.89
2377,11416,1,3080.89
2377,11421,1,3080.89
2377,11422,0,3080.89
2377,11470,0,3080.89
2377,11481,1,3080.89
2377,11506,1,3080.89
2377,11522,1,3080.89
2377,11540,1,3080.89
2377,11544,1,3080.89
2377,11572,1,3080.89
2377,11593,1,3080.89
2377,11607,1,3080.89
2377,11614,1,3080.89
2377,11615,0,3080.89
2377,11642,1,-3080.89
2377,11644,1,-3080.89
2377,11668,1,-3080.89
2377,11674,1,-3080.89
2377,11700,1,-3080.89
2377,11707,1,-3080.89
2377,11739,1,-3080.89
2377,11759,1,-3080.89
2377,11775,1,-3080.89
2377,11780,1,-3080.89
2377,11792,0,3080.89
2377,11794,1,3080.89
2377,11809,1,3080.89
2377,11826,1,3080.89
2377,11841,1,3080.89
2377,11846,1,3080.89
2377,11878,1,3080.89
2377,11897,0,3080.89
2377,11898,1,3080.89
2377,11917,1,3080.89
2377,11919,1,3080.89
2377,11928,1,3080.89
2377,11946,1,3080.89
2377,11959,1,3080.89
2377,11979,0,3080.89
2377,11980,1,3080.89
2377,11989,1,0.00
2377,12011,1,3080.89
2377,12028,1,3080.89
2377,12051,1,3080.89
2377,12077,1,-3080.89
2377,12092,1,-3080.89
2377,12112,1,-3080.89
2377,12113,1,-3080.89
2377,12122,1,-3080.89
2377,12148,1,-3080.89
2377,12156,1,-3080.89
2377,12170,1,-3080.89
2377,12195,1,-3080.89
2377,12213,1,-3080.89
2377,12219,1,-3080.89
2377,12233,1,-3080.89
2377,12244,1,3080.89
2377,12277,1,3080.89
2377,12284,1,3080.89
2377,12302,1,3080.89
2377,12348,1,3080.89
2377,12357,1,3080.89
2377,12371,1,3080.89
2377,12387,1,3080.89
2377,12404,1,3080.89
2377,12419,1,3080.89
2377,12436,1,3080.89
2377,12440,1,3080.89
2377,12479,1,3080.89
2377,12484,1,3080.89
2377,61692,1,-3080.89
2377,61693,1,-3080.89
2377,61711,1,3080.89
2377,61712,1,-3080.89
2377,61713,1,-3080.89
2377,61714,1,-3080.89
2377,61715,1,3080.89
2377,61716,1,3080.89
2377,61717,1,3080.89
2377,61718,1,3080.89
2377,61719,1,-3080.89
2377,61720,1,-3080.89
2377,61721,1,-3080.89
2377,61722,1,3080.89
2377,61723,1,3080.89
2377,61724,1,3080.89
2377,61725,1,3080.89
2377,61726,1,-3080.89
2377,61727,1,-3080.89
2377,61728,1,-3080.89
2377,61729,1,3080.89
2377,61730,1,3080.89
2377,61731,1,3080.89
2377,61732,1,3080.89
2377,61733,1,-3080.89
2377,61734,1,-3080.89
2377,61735,1,-3080.89
2377,61736,1,3080.89
2377,61737,1,3080.89
2377,61738,1,3080.89
2377,61739,1,3080.89
2377,61740,1,-3080.89
2377,61742,1,0.00
2377,61743,1,-3080.89
2377,61744,1,-3080.89
2377,61745,1,0.00
2377,61746,1,3080.89
2377,61747,1,3080.89
2377,61748,1,3080.89
2377,61749,1,0.00
2377,61750,1,-3080.89
2377,61751,1,-3080.89
2377,61752,1,0.00
2377,61753,1,3080.89
2377,61754,1,3080.89
2377,61755,1,3080.89
2377,61756,1,0.00
2377,61757,1,-3080.89
2377,61758,1,-3080.89
2377,61759,1,0.00
2377,61760,1,3080.89
2377,61761,1,3080.89
2377,61762,1,3080.89
2377,61763,1,0.00
2377,61764,1,-3080.89
2377,61765,1,-3080.89
2377,61766,1,0.00
2377,61767,1,3080.89
2377,61768,1,3080.89
2377,61769,1,3080.89
2377,61770,1,0.00
2377,61771,1,-3080.89
2377,96812,1,3080.89
2377,96890,1,3080.89
2377,96951,0,-3080.89
2377,96976,0,-3080.89
2377,97485,1,-3080.89
2377,97728,0,3080.89
2377,98784,1,-3080.89
2377,98799,1,-3080.89
2377,99316,1,-3080.89
2377,99377,1,-3080.89
2377,102054,1,3080.89
2377,102071,1,3080.89
2377,103445,0,-3080.89
2377,103446,0,3080.89
2377,103462,0,3080.89
2377,103463,0,-3080.89
2377,103465,0,3080.89
2377,103466,0,-3080.89
2377,103471,0,-3080.89
2377,103472,0,3080.89
2377,103477,0,3080.89
2377,103478,0,-3080.89
2377,103492,0,-3080.89
2377,144104,0,-3080.89
2377,144105,0,3080.89
2377,144112,0,-3080.89
2377,144113,0,3080.89
2377,144125,0,-3080.89
2377,144126,0,3080.89
2427,10012,1,0.00
2427,10098,1,0.00
2427,10139,1,0.00
2427,10170,1,0.00
2427,10189,1,0.00
2427,10205,1,0.00
2427,10230,1,0.00
2427,10241,1,0.00
2427,10252,1,0.00
2427,10271,1,0.00
2427,10289,1,0.00
2427,10320,1,0.00
2427,10333,1,0.00
2427,10356,1,0.00
2427,10379,1,0.00
2427,10393,1,0.00
2427,10421,1,0.00
2427,10432,1,0.00
2427,10445,1,0.00
2427,10458,1,0.00
2427,10484,1,0.00
2427,10501,1,0.00
2427,10504,1,0.00
2427,10533,1,0.00
2427,10552,1,0.00
2427,10605,1,0.00
2427,10662,1,0.00
2427,10678,1,0.00
2427,10704,1,0.00
2427,10734,1,0.00
2427,10757,1,0.00
2427,10813,1,0.00
2427,10838,1,0.00
2427,10866,1,0.00
2427,10879,1,0.00
2427,10901,1,0.00
2427,10923,1,0.00
2427,10939,1,0.00
2427,10964,1,0.00
2427,10983,1,0.00
2427,11003,1,0.00
2427,11009,1,0.00
2427,11053,1,0.00
2427,11061,1,0.00
2427,11072,1,0.00
2427,11075,1,0.00
2427,11100,1,0.00
2427,11117,1,0.00
2427,11138,1,0.00
2427,11143,1,0.00
2427,11172,1,0.00
2427,11192,1,0.00
2427,11209,1,0.00
2427,11215,1,0.00
2427,11245,1,0.00
2427,11268,1,0.00
2427,11310,1,0.00
2427,11347,1,0.00
2427,11359,1,0.00
2427,11416,1,0.00
2427,11421,1,0.00
2427,11481,1,0.00
2427,11506,1,0.00
2427,11522,1,0.00
2427,11540,1,0.00
2427,11544,1,0.00
2427,11572,1,0.00
2427,11593,1,0.00
2427,11607,1,0.00
2427,11614,1,0.00
2427,11642,1,0.00
2427,11644,1,0.00
2427,11668,1,0.00
2427,11674,1,0.00
2427,11700,1,0.00
2427,11707,1,0.00
2427,11739,1,0.00
2427,11759,1,0.00
2427,11775,1,0.00
2427,11780,1,0.00
2427,11794,1,0.00
2427,11809,1,0.00
2427,11826,1,0.00
2427,11841,1,0.00
2427,11846,1,0.00
2427,11878,1,0.00
2427,11898,1,0.00
2427,11917,1,0.00
2427,11919,1,0.00
2427,11928,1,0.00
2427,11946,1,0.00
2427,11959,1,0.00
2427,11980,1,0.00
2427,11989,1,0.00
2427,12011,1,0.00
2427,12028,1,0.00
2427,12051,1,0.00
2427,12077,1,0.00
2427,12092,1,0.00
2427,12112,1,0.00
2427,12113,1,0.00
2427,12122,1,0.00
2427,12148,1,0.00
2427,12156,1,0.00
2427,12170,1,0.00
2427,12195,1,0.00
2427,12213,1,0.00
2427,12219,1,0.00
2427,12233,1,0.00
2427,12244,1,0.00
2427,12277,1,0.00
2427,12284,1,0.00
2427,12302,1,0.00
2427,12348,1,0.00
2427,12357,1,0.00
2427,12371,1,0.00
2427,12387,1,0.00
2427,12404,1,0.00
2427,12419,1,0.00
2427,12436,1,0.00
2427,12440,1,0.00
2427,12479,1,0.00
2427,12484,1,0.00
2427,61692,1,0.00
2427,61693,1,0.00
2427,61711,1,0.00
2427,61712,1,0.00
2427,61713,1,0.00
2427,61714,1,0.00
2427,61715,1,0.00
2427,61716,1,0.00
2427,61717,1,0.00
2427,61718,1,0.00
2427,61719,1,0.00
2427,61720,1,0.00
2427,61721,1,0.00
2427,61722,1,0.00
2427,61723,1,0.00
2427,61724,1,0.00
2427,61725,1,0.00
2427,61726,1,0.00
2427,61727,1,0.00
2427,61728,1,0.00
2427,61729,1,0.00
2427,61730,1,0.00
2427,61731,1,0.00
2427,61732,1,0.00
2427,61733,1,0.00
2427,61734,1,0.00
2427,61735,1,0.00
2427,61736,1,0.00
2427,61737,1,0.00
2427,61738,1,0.00
2427,61739,1,0.00
2427,61740,1,0.00
2427,61742,1,0.00
2427,61743,1,0.00
2427,61744,1,0.00
2427,61745,1,0.00
2427,61746,1,0.00
2427,61747,1,0.00
2427,61748,1,0.00
2427,61749,1,0.00
2427,61750,1,0.00
2427,61751,1,0.00
2427,61752,1,0.00
2427,61753,1,0.00
2427,61754,1,0.00
2427,61755,1,0.00
2427,61756,1,0.00
2427,61757,1,0.00
2427,61758,1,0.00
2427,61759,1,0.00
2427,61760,1,0.00
2427,61761,1,0.00
2427,61762,1,0.00
2427,61763,1,0.00
2427,61764,1,0.00
2427,61765,1,0.00
2427,61766,1,0.00
2427,61767,1,0.00
2427,61768,1,0.00
2427,61769,1,0.00
2427,61770,1,0.00
2427,61771,1,0.00
2427,96812,1,0.00
2427,96890,1,0.00
2427,97485,1,0.00
2427,98784,1,0.00
2427,98799,1,0.00
2427,99316,1,0.00
2427,99377,1,0.00
2427,102054,1,0.00
2427,102071,1,0.00
2440,10012,1,-2780.50
2440,10086,1,0.00
2440,10098,1,0.00
2440,10139,1,0.00
2440,10147,1,-2780.50
2440,10166,1,0.00
2440,10170,1,0.00
2440,10189,1,-2780.50
2440,10205,1,0.00
2440,10232,1,0.00
2440,10241,1,0.00
2440,10271,1,-2780.50
2440,10288,1,0.00
2440,10311,1,0.00
2440,10321,1,0.00
2440,10359,1,-2780.50
2440,10379,1,-2780.50
2440,10393,1,0.00
2440,10420,1,-2780.50
2440,10421,0,-2780.50
2440,10442,1,0.00
2440,10445,0,-2780.50
2440,10458,1,0.00
2440,10483,1,-2780.50
2440,10484,0,-2780.50
2440,10501,1,0.00
2440,10504,0,-2780.50
2440,10533,1,-2780.50
2440,10552,1,0.00
2440,10577,1,0.00
2440,10605,1,0.00
2440,10635,1,0.00
2440,10662,1,-2780.50
2440,10678,1,-2780.50
2440,10703,1,0.00
2440,10713,1,0.00
2440,10734,1,-2780.50
2440,10735,1,0.00
2440,10779,1,0.00
2440,10785,1,0.00
2440,10814,1,0.00
2440,10838,1,0.00
2440,10866,0,-2780.50
2440,10879,1,0.00
2440,10901,1,0.00
2440,10923,1,-2780.50
2440,10939,1,0.00
2440,10964,1,-2780.50
2440,10983,1,0.00
2440,11003,1,0.00
2440,11009,1,0.00
2440,11053,1,-2780.50
2440,11061,1,-5561.00
2440,11072,1,-2780.50
2440,11075,1,-2780.50
2440,11100,1,-5561.00
2440,11115,1,-2780.50
2440,11117,0,-2780.50
2440,11138,1,-2780.50
2440,11142,1,-2780.50
2440,11143,0,-2780.50
2440,11172,1,-2780.50
2440,11192,1,0.00
2440,11209,1,0.00
2440,11214,1,0.00
2440,11245,1,-5561.00
2440,11268,1,0.00
2440,11310,1,0.00
2440,11347,1,-2780.50
2440,11359,1,0.00
2440,11384,1,-2780.50
2440,11416,1,0.00
2440,11422,1,0.00
2440,11470,1,-5561.00
2440,11481,1,-2780.50
2440,11506,1,-5561.00
2440,11522,0,-5561.00
2440,11540,1,-2780.50
2440,11544,1,-2780.50
2440,11572,1,-2780.50
2440,11593,1,-2780.50
2440,11607,1,0.00
2440,11615,1,0.00
2440,11642,1,0.00
2440,11644,1,-2780.50
2440,11668,1,0.00
2440,11674,1,0.00
2440,11700,1,-2780.50
2440,11707,1,0.00
2440,11739,1,-2780.50
2440,11759,1,-2780.50
2440,11775,1,0.00
2440,11780,1,0.00
2440,11792,1,0.00
2440,11809,1,-2780.50
2440,11826,1,-2780.50
2440,11841,1,0.00
2440,11846,1,0.00
2440,11878,1,-5561.00
2440,11897,1,-5561.00
2440,11898,0,-5561.00
2440,11917,1,-2780.50
2440,11919,1,-2780.50
2440,11928,1,-5561.00
2440,11946,1,-5561.00
2440,11959,1,-5561.00
2440,11979,1,-2780.50
2440,11980,0,-2780.50
2440,11989,1,-2780.50
2440,12011,1,-2780.50
2440,12028,1,-2780.50
2440,12051,1,0.00
2440,12077,1,-2780.50
2440,12092,1,-2780.50
2440,12112,1,0.00
2440,12113,1,0.00
2440,12122,1,0.00
2440,12148,1,-2780.50
2440,12156,1,-2780.50
2440,12170,1,0.00
2440,12195,1,-2780.50
2440,12213,1,-2780.50
2440,12219,1,-2780.50
2440,12233,1,0.00
2440,12244,1,0.00
2440,12277,1,-2780.50
2440,12284,1,-2780.50
2440,12302,1,0.00
2440,12348,1,-5561.00
2440,12357,1,-5561.00
2440,12371,1,-2780.50
2440,12387,1,-5561.00
2440,12404,1,-5561.00
2440,12419,1,-5561.00
2440,12436,1,-2780.50
2440,12440,1,-2780.50
2440,12479,1,0.00
2440,12484,1,0.00
2440,61692,1,0.00
2440,61693,1,0.00
2440,61711,1,-2780.50
2440,61712,1,-2780.50
2440,61713,1,-2780.50
2440,61714,1,-2780.50
2440,61715,1,-2780.50
2440,61716,1,-5561.00
2440,61717,1,-5561.00
2440,61718,1,-2780.50
2440,61719,1,-2780.50
2440,61720,1,-2780.50
2440,61721,1,-2780.50
2440,61722,1,-2780.50
2440,61723,1,-5561.00
2440,61724,1,-5561.00
2440,61725,1,-2780.50
2440,61726,1,-2780.50
2440,61727,1,-2780.50
2440,61728,1,-2780.50
2440,61729,1,-2780.50
2440,61730,1,-5561.00
2440,61731,1,-5561.00
2440,61732,1,-2780.50
2440,61733,1,-2780.50
2440,61734,1,-2780.50
2440,61735,1,-2780.50
2440,61736,1,-2780.50
2440,61737,1,-5561.00
2440,61738,1,-5561.00
2440,61739,1,-2780.50
2440,61740,1,-2780.50
2440,61742,1,0.00
2440,61743,1,0.00
2440,61744,1,0.00
2440,61745,1,0.00
2440,61746,1,0.00
2440,61747,1,-2780.50
2440,61748,1,-2780.50
2440,61749,1,0.00
2440,61750,1,0.00
2440,61751,1,0.00
2440,61752,1,0.00
2440,61753,1,0.00
2440,61754,1,-2780.50
2440,61755,1,-2780.50
2440,61756,1,0.00
2440,61757,1,0.00
2440,61758,1,0.00
2440,61759,1,0.00
2440,61760,1,0.00
2440,61761,1,-2780.50
2440,61762,1,-2780.50
2440,61763,1,0.00
2440,61764,1,0.00
2440,61765,1,0.00
2440,61766,1,0.00
2440,61767,1,0.00
2440,61768,1,-2780.50
2440,61769,1,-2780.50
2440,61770,1,0.00
2440,61771,1,0.00
2440,96951,1,0.00
2440,96976,1,-2780.50
2440,97485,0,-5561.00
2440,97728,1,-5561.00
2440,98784,1,-2780.50
2440,98799,1,-2780.50
2440,102054,1,-2780.50
2440,102071,1,-2780.50
2440,103445,1,0.00
2440,103446,1,0.00
2440,103462,1,-2780.50
2440,103463,1,0.00
2440,103465,1,-2780.50
2440,103466,1,0.00
2440,103471,1,0.00
2440,103472,1,0.00
2440,103477,1,0.00
2440,103478,1,0.00
2440,103492,1,0.00
2440,144104,1,0.00
2440,144105,1,0.00
2440,144112,1,0.00
2440,144113,1,0.00
2440,144125,1,0.00
2440,144126,1,-2780.50
2564,10012,1,0.00
2564,10086,1,0.00
2564,10098,1,0.00
2564,10139,1,0.00
2564,10147,1,0.00
2564,10166,1,0.00
2564,10170,1,0.00
2564,10189,1,0.00
2564,10205,1,0.00
2564,10232,1,0.00
2564,10241,1,0.00
2564,10271,1,0.00
2564,10288,1,0.00
2564,10311,1,0.00
2564,10321,1,0.00
2564,10359,1,0.00
2564,10379,1,0.00
2564,10393,1,0.00
2564,10420,1,0.00
2564,10442,1,0.00
2564,10458,1,0.00
2564,10483,1,0.00
2564,10501,1,0.00
2564,10533,1,0.00
2564,10552,1,0.00
2564,10577,1,0.00
2564,10605,1,0.00
2564,10635,1,0.00
2564,10662,1,0.00
2564,10678,1,0.00
2564,10703,1,0.00
2564,10713,1,0.00
2564,10734,1,0.00
2564,10735,1,0.00
2564,10779,1,0.00
2564,10785,1,0.00
2564,10814,1,0.00
2564,10838,1,0.00
2564,10879,1,0.00
2564,10901,1,0.00
2564,10923,1,0.00
2564,10939,1,0.00
2564,10964,1,0.00
2564,10983,1,0.00
2564,11003,1,0.00
2564,11009,1,0.00
2564,11053,1,0.00
2564,11061,1,0.00
2564,11072,1,0.00
2564,11075,1,0.00
2564,11100,1,0.00
2564,11115,1,0.00
2564,11138,1,0.00
2564,11142,1,0.00
2564,11172,1,0.00
2564,11192,1,0.00
2564,11209,1,0.00
2564,11214,1,0.00
2564,11245,1,0.00
2564,11268,1,0.00
2564,11310,1,0.00
2564,11347,1,0.00
2564,11359,1,0.00
2564,11384,1,0.00
2564,11416,1,0.00
2564,11422,1,0.00
2564,11470,1,0.00
2564,11481,1,0.00
2564,11506,1,0.00
2564,11540,1,0.00
2564,11544,1,0.00
2564,11572,1,0.00
2564,11593,1,0.00
2564,11607,1,0.00
2564,11615,1,0.00
2564,11642,1,0.00
2564,11644,1,0.00
2564,11668,1,0.00
2564,11674,1,0.00
2564,11700,1,0.00
2564,11707,1,0.00
2564,11739,1,0.00
2564,11759,1,0.00
2564,11775,1,0.00
2564,11780,1,0.00
2564,11792,1,0.00
2564,11809,1,0.00
2564,11826,1,0.00
2564,11841,1,0.00
2564,11846,1,0.00
2564,11878,1,0.00
2564,11897,1,0.00
2564,11917,1,0.00
2564,11919,1,0.00
2564,11928,1,0.00
2564,11946,1,0.00
2564,11959,1,0.00
2564,11979,1,0.00
2564,11989,1,0.00
2564,12011,1,0.00
2564,12028,1,0.00
2564,12051,1,0.00
2564,12077,1,0.00
2564,12092,1,0.00
2564,12112,1,0.00
2564,12113,1,0.00
2564,12122,1,0.00
2564,12148,1,0.00
2564,12156,1,0.00
2564,12170,1,0.00
2564,12195,1,0.00
2564,12213,1,0.00
2564,12219,1,0.00
2564,12233,1,0.00
2564,12244,1,0.00
2564,12277,1,0.00
2564,12284,1,0.00
2564,12302,1,0.00
2564,12348,1,0.00
2564,12357,1,0.00
2564,12371,1,0.00
2564,12387,1,0.00
2564,12404,1,0.00
2564,12419,1,0.00
2564,12436,1,0.00
2564,12440,1,0.00
2564,12479,1,0.00
2564,12484,1,0.00
2564,61692,1,0.00
2564,61693,1,0.00
2564,61711,1,0.00
2564,61712,1,0.00
2564,61713,1,0.00
2564,61714,1,0.00
2564,61715,1,0.00
2564,61716,1,0.00
2564,61717,1,0.00
2564,61718,1,0.00
2564,61719,1,0.00
2564,61720,1,0.00
2564,61721,1,0.00
2564,61722,1,0.00
2564,61723,1,0.00
2564,61724,1,0.00
2564,61725,1,0.00
2564,61726,1,0.00
2564,61727,1,0.00
2564,61728,1,0.00
2564,61729,1,0.00
2564,61730,1,0.00
2564,61731,1,0.00
2564,61732,1,0.00
2564,61733,1,0.00
2564,61734,1,0.00
2564,61735,1,0.00
2564,61736,1,0.00
2564,61737,1,0.00
2564,61738,1,0.00
2564,61739,1,0.00
2564,61740,1,0.00
2564,61742,1,0.00
2564,61743,1,0.00
2564,61744,1,0.00
2564,61745,1,0.00
2564,61746,1,0.00
2564,61747,1,0.00
2564,61748,1,0.00
2564,61749,1,0.00
2564,61750,1,0.00
2564,61751,1,0.00
2564,61752,1,0.00
2564,61753,1,0.00
2564,61754,1,0.00
2564,61755,1,0.00
2564,61756,1,0.00
2564,61757,1,0.00
2564,61758,1,0.00
2564,61759,1,0.00
2564,61760,1,0.00
2564,61761,1,0.00
2564,61762,1,0.00
2564,61763,1,0.00
2564,61764,1,0.00
2564,61765,1,0.00
2564,61766,1,0.00
2564,61767,1,0.00
2564,61768,1,0.00
2564,61769,1,0.00
2564,61770,1,0.00
2564,61771,1,0.00
2564,96951,1,0.00
2564,96976,1,0.00
2564,97728,1,0.00
2564,98784,1,0.00
2564,98799,1,0.00
2564,102054,1,0.00
2564,102071,1,0.00
2564,103445,1,0.00
2564,103446,1,0.00
2564,103462,1,0.00
2564,103463,1,0.00
2564,103465,1,0.00
2564,103466,1,0.00
2564,103471,1,0.00
2564,103472,1,0.00
2564,103477,1,0.00
2564,103478,1,0.00
2564,103492,1,0.00
2564,144104,1,0.00
2564,144105,1,0.00
2564,144112,1,0.00
2564,144113,1,0.00
2564,144125,1,0.00
2564,144126,1,0.00
2696,10012,1,0.00
2696,10086,1,0.00
2696,10098,1,0.00
2696,10139,1,0.00
2696,10147,1,0.00
2696,10166,1,0.00
2696,10170,1,0.00
2696,10189,1,0.00
2696,10205,1,0.00
2696,10232,1,0.00
2696,10241,1,0.00
2696,10271,1,0.00
2696,10288,1,0.00
2696,10311,1,0.00
2696,10321,1,0.00
2696,10359,1,0.00
2696,10379,1,0.00
2696,10393,1,0.00
2696,10420,1,0.00
2696,10442,1,0.00
2696,10458,1,0.00
2696,10483,1,0.00
2696,10501,1,0.00
2696,10533,1,0.00
2696,10552,1,0.00
2696,10577,1,0.00
2696,10605,1,0.00
2696,10635,1,0.00
2696,10662,1,0.00
2696,10678,1,0.00
2696,10703,1,0.00
2696,10713,1,0.00
2696,10734,1,0.00
2696,10735,1,0.00
2696,10779,1,0.00
2696,10785,1,0.00
2696,10814,1,0.00
2696,10838,1,0.00
2696,10879,1,0.00
2696,10901,1,0.00
2696,10923,1,0.00
2696,10939,1,0.00
2696,10964,1,0.00
2696,10983,1,0.00
2696,11003,1,0.00
2696,11009,1,0.00
2696,11053,1,-2509.40
2696,11061,1,-2509.40
2696,11072,1,-2509.40
2696,11075,1,-2509.40
2696,11100,1,-2509.40
2696,11115,1,-2509.40
2696,11117,0,-2509.40
2696,11138,1,-2509.40
2696,11142,1,-2509.40
2696,11143,0,-2509.40
2696,11172,1,0.00
2696,11192,1,0.00
2696,11209,1,0.00
2696,11214,1,0.00
2696,11245,1,-2509.40
2696,11268,1,0.00
2696,11310,1,0.00
2696,11347,1,0.00
2696,11359,1,0.00
2696,11384,1,0.00
2696,11416,1,0.00
2696,11422,1,0.00
2696,11470,1,-2509.40
2696,11481,1,-2509.40
2696,11506,1,-2509.40
2696,11522,0,-2509.40
2696,11540,1,-2509.40
2696,11544,1,-2509.40
2696,11572,1,0.00
2696,11593,1,0.00
2696,11607,1,0.00
2696,11615,1,0.00
2696,11642,1,0.00
2696,11644,1,0.00
2696,11668,1,0.00
2696,11674,1,0.00
2696,11700,1,0.00
2696,11707,1,0.00
2696,11739,1,0.00
2696,11759,1,0.00
2696,11775,1,0.00
2696,11780,1,0.00
2696,11792,1,0.00
2696,11809,1,0.00
2696,11826,1,0.00
2696,11841,1,0.00
2696,11846,1,0.00
2696,11878,1,-2509.40
2696,11897,1,-2509.40
2696,11898,0,-2509.40
2696,11917,1,-2509.40
2696,11919,1,-2509.40
2696,11928,1,-5018.80
2696,11946,1,-2509.40
2696,11959,1,-2509.40
2696,11979,1,-2509.40
2696,11980,0,-2509.40
2696,11989,1,-2509.40
2696,12011,1,0.00
2696,12028,1,0.00
2696,12051,1,0.00
2696,12077,1,0.00
2696,12092,1,0.00
2696,12112,1,0.00
2696,12113,1,0.00
2696,12122,1,0.00
2696,12148,1,0.00
2696,12156,1,0.00
2696,12170,1,0.00
2696,12195,1,-2509.40
2696,12213,1,0.00
2696,12219,1,0.00
2696,12233,1,0.00
2696,12244,1,0.00
2696,12277,1,0.00
2696,12284,1,0.00
2696,12302,1,0.00
2696,12348,1,-2509.40
2696,12357,1,-2509.40
2696,12371,1,-2509.40
2696,12387,1,-5018.80
2696,12404,1,-2509.40
2696,12419,1,-2509.40
2696,12436,1,-2509.40
2696,12440,1,-2509.40
2696,12479,1,0.00
2696,12484,1,0.00
2696,61692,1,0.00
2696,61693,1,0.00
2696,61711,1,0.00
2696,61712,1,0.00
2696,61713,1,0.00
2696,61714,1,0.00
2696,61715,1,0.00
2696,61716,1,-2509.40
2696,61717,1,-2509.40
2696,61718,1,0.00
2696,61719,1,0.00
2696,61720,1,0.00
2696,61721,1,0.00
2696,61722,1,0.00
2696,61723,1,-2509.40
2696,61724,1,-2509.40
2696,61725,1,0.00
2696,61726,1,0.00
2696,61727,1,0.00
2696,61728,1,0.00
2696,61729,1,0.00
2696,61730,1,-2509.40
2696,61731,1,-2509.40
2696,61732,1,0.00
2696,61733,1,0.00
2696,61734,1,0.00
2696,61735,1,0.00
2696,61736,1,0.00
2696,61737,1,-2509.40
2696,61738,1,-2509.40
2696,61739,1,0.00
2696,61740,1,0.00
2696,61742,1,0.00
2696,61743,1,0.00
2696,61744,1,0.00
2696,61745,1,0.00
2696,61746,1,0.00
2696,61747,1,-2509.40
2696,61748,1,-2509.40
2696,61749,1,0.00
2696,61750,1,0.00
2696,61751,1,0.00
2696,61752,1,0.00
2696,61753,1,0.00
2696,61754,1,-2509.40
2696,61755,1,-2509.40
2696,61756,1,0.00
2696,61757,1,0.00
2696,61758,1,0.00
2696,61759,1,0.00
2696,61760,1,0.00
2696,61761,1,-2509.40
2696,61762,1,-2509.40
2696,61763,1,0.00
2696,61764,1,0.00
2696,61765,1,0.00
2696,61766,1,0.00
2696,61767,1,0.00
2696,61768,1,-2509.40
2696,61769,1,-2509.40
2696,61770,1,0.00
2696,61771,1,0.00
2696,96951,1,0.00
2696,96976,1,0.00
2696,97485,0,-5018.80
2696,97728,1,-2509.40
2696,98784,1,0.00
2696,98799,1,0.00
2696,102054,1,0.00
2696,102071,1,0.00
2696,103445,1,0.00
2696,103446,1,0.00
2696,103462,1,-2509.40
2696,103463,1,0.00
2696,103465,1,-2509.40
2696,103466,1,0.00
2696,103471,1,0.00
2696,103472,1,0.00
2696,103477,1,0.00
2696,103478,1,0.00
2696,103492,1,0.00
2696,144104,1,0.00
2696,144105,1,0.00
2696,144112,1,0.00
2696,144113,1,0.00
2696,144125,1,0.00
2696,144126,1,-2509.40
2697,10735,0,-2383.93
2697,10813,0,-2383.93
2697,10814,0,-2383.93
2697,10838,0,-2383.93
2697,10866,0,-2383.93
2697,10879,0,-2383.93
2697,11245,0,-4767.86
2697,11268,0,-2383.93
2697,11310,0,-2383.93
2697,11642,0,-2383.93
2697,11644,0,-2383.93
2697,11668,0,-2383.93
2697,11674,0,-4767.86
2697,11700,0,-2383.93
2697,11707,0,-2383.93
2697,12077,0,-2383.93
2697,12092,0,-2383.93
2697,12112,0,-2383.93
2697,12113,0,-2383.93
2697,12122,0,-4767.86
2697,12148,0,-2383.93
2697,12156,0,-2383.93
2697,12170,0,-2383.93
2697,61692,0,-2383.93
2697,61693,0,-2383.93
2697,61711,1,0.00
2697,61712,1,-2383.93
2697,61713,1,-2383.93
2697,61714,1,0.00
2697,61715,1,0.00
2697,61716,1,0.00
2697,61717,1,0.00
2697,61718,1,0.00
2697,61719,1,-2383.93
2697,61720,1,-2383.93
2697,61721,1,0.00
2697,61722,1,0.00
2697,61723,1,0.00
2697,61724,1,0.00
2697,61725,1,0.00
2697,61726,1,-2383.93
2697,61727,1,-2383.93
2697,61728,1,0.00
2697,61729,1,0.00
2697,61730,1,0.00
2697,61731,1,0.00
2697,61732,1,0.00
2697,61733,1,-2383.93
2697,61734,1,-2383.93
2697,61735,1,0.00
2697,61736,1,0.00
2697,61737,1,0.00
2697,61738,1,0.00
2697,61739,1,0.00
2697,61740,1,-2383.93
2697,61743,0,-2383.93
2697,61744,0,-2383.93
2697,61750,0,-2383.93
2697,61751,0,-2383.93
2697,61757,0,-2383.93
2697,61758,0,-2383.93
2697,61764,0,-2383.93
2697,61765,0,-2383.93
2697,61771,0,-2383.93
2697,96951,0,-2383.93
2697,96976,0,-2383.93
2697,97485,0,-2383.93
2697,98784,0,-2383.93
2697,98799,0,-2383.93
2697,103445,0,-2383.93
2697,103471,0,-2383.93
2697,103478,0,-2383.93
2697,103492,0,-2383.93
2697,144104,0,-2383.93
2697,144112,0,-2383.93
2903,10012,1,0.00
2903,10098,1,0.00
2903,10139,1,0.00
2903,10170,1,0.00
2903,10189,1,0.00
2903,10205,1,0.00
2903,10230,1,0.00
2903,10241,1,0.00
2903,10252,1,0.00
2903,10271,1,0.00
2903,10289,1,0.00
2903,10320,1,0.00
2903,10333,1,0.00
2903,10356,1,0.00
2903,10379,1,0.00
2903,10393,1,0.00
2903,10421,1,0.00
2903,10432,1,0.00
2903,10445,1,0.00
2903,10458,1,0.00
2903,10484,1,0.00
2903,10501,1,0.00
2903,10504,1,0.00
2903,10533,1,0.00
2903,10552,1,0.00
2903,10605,1,0.00
2903,10662,1,0.00
2903,10678,1,0.00
2903,10704,1,0.00
2903,10734,1,0.00
2903,10757,1,0.00
2903,10813,1,0.00
2903,10838,1,0.00
2903,10866,1,0.00
2903,10879,1,0.00
2903,10901,1,0.00
2903,10923,1,0.00
2903,10939,1,0.00
2903,10964,1,0.00
2903,10983,1,0.00
2903,11003,1,0.00
2903,11009,1,0.00
2903,11053,1,0.00
2903,11061,1,0.00
2903,11072,1,0.00
2903,11075,1,0.00
2903,11100,1,0.00
2903,11117,1,0.00
2903,11138,1,0.00
2903,11143,1,0.00
2903,11172,1,0.00
2903,11192,1,0.00
2903,11209,1,0.00
2903,11215,1,0.00
2903,11245,1,0.00
2903,11268,1,0.00
2903,11310,1,0.00
2903,11347,1,0.00
2903,11359,1,0.00
2903,11416,1,0.00
2903,11421,1,0.00
2903,11481,1,0.00
2903,11506,1,0.00
2903,11522,1,0.00
2903,11540,1,0.00
2903,11544,1,0.00
2903,11572,1,0.00
2903,11593,1,0.00
2903,11607,1,0.00
2903,11614,1,0.00
2903,11642,1,0.00
2903,11644,1,0.00
2903,11668,1,0.00
2903,11674,1,0.00
2903,11700,1,0.00
2903,11707,1,0.00
2903,11739,1,0.00
2903,11759,1,0.00
2903,11775,1,0.00
2903,11780,1,0.00
2903,11794,1,0.00
2903,11809,1,0.00
2903,11826,1,0.00
2903,11841,1,0.00
2903,11846,1,0.00
2903,11878,1,0.00
2903,11898,1,0.00
2903,11917,1,0.00
2903,11919,1,0.00
2903,11928,1,0.00
2903,11946,1,0.00
2903,11959,1,0.00
2903,11980,1,0.00
2903,11989,1,0.00
2903,12011,1,0.00
2903,12028,1,0.00
2903,12051,1,0.00
2903,12077,1,0.00
2903,12092,1,0.00
2903,12112,1,0.00
2903,12113,1,0.00
2903,12122,1,0.00
2903,12148,1,0.00
2903,12156,1,0.00
2903,12170,1,0.00
2903,12195,1,0.00
2903,12213,1,0.00
2903,12219,1,0.00
2903,12233,1,0.00
2903,12244,1,0.00
2903,12277,1,0.00
2903,12284,1,0.00
2903,12302,1,0.00
2903,12348,1,0.00
2903,12357,1,0.00
2903,12371,1,0.00
2903,12387,1,0.00
2903,12404,1,0.00
2903,12419,1,0.00
2903,12436,1,0.00
2903,12440,1,0.00
2903,12479,1,0.00
2903,12484,1,0.00
2903,61692,1,0.00
2903,61693,1,0.00
2903,61711,1,0.00
2903,61712,1,0.00
2903,61713,1,0.00
2903,61714,1,0.00
2903,61715,1,0.00
2903,61716,1,0.00
2903,61717,1,0.00
2903,61718,1,0.00
2903,61719,1,0.00
2903,61720,1,0.00
2903,61721,1,0.00
2903,61722,1,0.00
2903,61723,1,0.00
2903,61724,1,0.00
2903,61725,1,0.00
2903,61726,1,0.00
2903,61727,1,0.00
2903,61728,1,0.00
2903,61729,1,0.00
2903,61730,1,0.00
2903,61731,1,0.00
2903,61732,1,0.00
2903,61733,1,0.00
2903,61734,1,0.00
2903,61735,1,0.00
2903,61736,1,0.00
2903,61737,1,0.00
2903,61738,1,0.00
2903,61739,1,0.00
2903,61740,1,0.00
2903,61742,1,0.00
2903,61743,1,0.00
2903,61744,1,0.00
2903,61745,1,0.00
2903,61746,1,0.00
2903,61747,1,0.00
2903,61748,1,0.00
2903,61749,1,0.00
2903,61750,1,0.00
2903,61751,1,0.00
2903,61752,1,0.00
2903,61753,1,0.00
2903,61754,1,0.00
2903,61755,1,0.00
2903,61756,1,0.00
2903,61757,1,0.00
2903,61758,1,0.00
2903,61759,1,0.00
2903,61760,1,0.00
2903,61761,1,0.00
2903,61762,1,0.00
2903,61763,1,0.00
2903,61764,1,0.00
2903,61765,1,0.00
2903,61766,1,0.00
2903,61767,1,0.00
2903,61768,1,0.00
2903,61769,1,0.00
2903,61770,1,0.00
2903,61771,1,0.00
2903,96812,1,0.00
2903,96890,1,0.00
2903,97485,1,0.00
2903,98784,1,0.00
2903,98799,1,0.00
2903,99316,1,0.00
2903,99377,1,0.00
2903,102054,1,0.00
2903,102071,1,0.00
13030,10012,1,0.00
13030,10098,1,0.00
13030,10139,1,0.00
13030,10170,1,0.00
13030,10189,1,0.00
13030,10205,1,0.00
13030,10230,1,0.00
13030,10241,1,0.00
13030,10252,1,0.00
13030,10271,1,0.00
13030,10289,1,0.00
13030,10320,1,0.00
13030,10333,1,0.00
13030,10356,1,0.00
13030,10379,1,0.00
13030,10393,1,0.00
13030,10421,1,0.00
13030,10432,1,0.00
13030,10445,1,0.00
13030,10458,1,0.00
13030,10484,1,0.00
13030,10501,1,0.00
13030,10504,1,0.00
13030,10533,1,0.00
13030,10552,1,0.00
13030,10605,1,0.00
13030,10662,1,0.00
13030,10678,1,0.00
13030,10704,1,0.00
13030,10734,1,0.00
13030,10757,1,0.00
13030,10813,1,0.00
13030,10838,1,0.00
13030,10866,1,0.00
13030,10879,1,0.00
13030,10901,1,0.00
13030,10923,1,0.00
13030,10939,1,0.00
13030,10964,1,0.00
13030,10983,1,0.00
13030,11003,1,0.00
13030,11009,1,0.00
13030,11053,1,0.00
13030,11061,1,0.00
13030,11072,1,0.00
13030,11075,1,0.00
13030,11100,1,0.00
13030,11117,1,0.00
13030,11138,1,0.00
13030,11143,1,0.00
13030,11172,1,0.00
13030,11192,1,0.00
13030,11209,1,0.00
13030,11215,1,0.00
13030,11245,1,0.00
13030,11268,1,0.00
13030,11310,1,0.00
13030,11347,1,0.00
13030,11359,1,0.00
13030,11416,1,0.00
13030,11421,1,0.00
13030,11481,1,0.00
13030,11506,1,0.00
13030,11522,1,0.00
13030,11540,1,0.00
13030,11544,1,0.00
13030,11572,1,0.00
13030,11593,1,0.00
13030,11607,1,0.00
13030,11614,1,0.00
13030,11642,1,0.00
13030,11644,1,0.00
13030,11668,1,0.00
13030,11674,1,0.00
13030,11700,1,0.00
13030,11707,1,0.00
13030,11739,1,0.00
13030,11759,1,0.00
13030,11775,1,0.00
13030,11780,1,0.00
13030,11794,1,0.00
13030,11809,1,0.00
13030,11826,1,0.00
13030,11841,1,0.00
13030,11846,1,0.00
13030,11878,1,0.00
13030,11898,1,0.00
13030,11917,1,0.00
13030,11919,1,0.00
13030,11928,1,0.00
13030,11946,1,0.00
13030,11959,1,0.00
13030,11980,1,0.00
13030,11989,1,0.00
13030,12011,1,0.00
13030,12028,1,0.00
13030,12051,1,0.00
13030,12077,1,0.00
13030,12092,1,0.00
13030,12112,1,0.00
13030,12113,1,0.00
13030,12122,1,0.00
13030,12148,1,0.00
13030,12156,1,0.00
13030,12170,1,0.00
13030,12195,1,0.00
13030,12213,1,0.00
13030,12219,1,0.00
13030,12233,1,0.00
13030,12244,1,0.00
13030,12277,1,0.00
13030,12284,1,0.00
13030,12302,1,0.00
13030,12348,1,0.00
13030,12357,1,0.00
13030,12371,1,0.00
13030,12387,1,0.00
13030,12404,1,0.00
13030,12419,1,0.00
13030,12436,1,0.00
13030,12440,1,0.00
13030,12479,1,0.00
13030,12484,1,0.00
13030,61692,1,0.00
13030,61693,1,0.00
13030,61711,1,0.00
13030,61712,1,0.00
13030,61713,1,0.00
13030,61714,1,0.00
13030,61715,1,0.00
13030,61716,1,0.00
13030,61717,1,0.00
13030,61718,1,0.00
13030,61719,1,0.00
13030,61720,1,0.00
13030,61721,1,0.00
13030,61722,1,0.00
13030,61723,1,0.00
13030,61724,1,0.00
13030,61725,1,0.00
13030,61726,1,0.00
13030,61727,1,0.00
13030,61728,1,0.00
13030,61729,1,0.00
13030,61730,1,0.00
13030,61731,1,0.00
13030,61732,1,0.00
13030,61733,1,0.00
13030,61734,1,0.00
13030,61735,1,0.00
13030,61736,1,0.00
13030,61737,1,0.00
13030,61738,1,0.00
13030,61739,1,0.00
13030,61740,1,0.00
13030,61742,1,0.00
13030,61743,1,0.00
13030,61744,1,0.00
13030,61745,1,0.00
13030,61746,1,0.00
13030,61747,1,0.00
13030,61748,1,0.00
13030,61749,1,0.00
13030,61750,1,0.00
13030,61751,1,0.00
13030,61752,1,0.00
13030,61753,1,0.00
13030,61754,1,0.00
13030,61755,1,0.00
13030,61756,1,0.00
13030,61757,1,0.00
13030,61758,1,0.00
13030,61759,1,0.00
13030,61760,1,0.00
13030,61761,1,0.00
13030,61762,1,0.00
13030,61763,1,0.00
13030,61764,1,0.00
13030,61765,1,0.00
13030,61766,1,0.00
13030,61767,1,0.00
13030,61768,1,0.00
13030,61769,1,0.00
13030,61770,1,0.00
13030,61771,1,0.00
13030,96812,1,0.00
13030,96890,1,0.00
13030,97485,1,0.00
13030,98784,1,0.00
13030,98799,1,0.00
13030,99316,1,0.00
13030,99377,1,0.00
13030,102054,1,0.00
13030,102071,1,0.00
